
V2.elf:     file format elf32-avr

Sections:
Idx Name          Size      VMA       LMA       File off  Algn
  0 .data         000001ec  00800100  0000110e  000011a2  2**0
                  CONTENTS, ALLOC, LOAD, DATA
  1 .text         0000110e  00000000  00000000  00000094  2**1
                  CONTENTS, ALLOC, LOAD, READONLY, CODE
  2 .bss          00000033  008002ec  008002ec  0000138e  2**0
                  ALLOC
  3 .comment      00000030  00000000  00000000  0000138e  2**0
                  CONTENTS, READONLY
  4 .note.gnu.avr.deviceinfo 00000040  00000000  00000000  000013c0  2**2
                  CONTENTS, READONLY
  5 .debug_aranges 00000198  00000000  00000000  00001400  2**0
                  CONTENTS, READONLY, DEBUGGING
  6 .debug_info   00001e96  00000000  00000000  00001598  2**0
                  CONTENTS, READONLY, DEBUGGING
  7 .debug_abbrev 0000090d  00000000  00000000  0000342e  2**0
                  CONTENTS, READONLY, DEBUGGING
  8 .debug_line   00000ecb  00000000  00000000  00003d3b  2**0
                  CONTENTS, READONLY, DEBUGGING
  9 .debug_frame  000005c0  00000000  00000000  00004c08  2**2
                  CONTENTS, READONLY, DEBUGGING
 10 .debug_str    00000992  00000000  00000000  000051c8  2**0
                  CONTENTS, READONLY, DEBUGGING
 11 .debug_loc    00001731  00000000  00000000  00005b5a  2**0
                  CONTENTS, READONLY, DEBUGGING
 12 .debug_ranges 00000188  00000000  00000000  0000728b  2**0
                  CONTENTS, READONLY, DEBUGGING

Disassembly of section .text:

00000000 <__vectors>:
       0:	0c 94 8d 00 	jmp	0x11a	; 0x11a <__ctors_end>
       4:	0c 94 aa 00 	jmp	0x154	; 0x154 <__bad_interrupt>
       8:	0c 94 aa 00 	jmp	0x154	; 0x154 <__bad_interrupt>
       c:	0c 94 aa 00 	jmp	0x154	; 0x154 <__bad_interrupt>
      10:	0c 94 aa 00 	jmp	0x154	; 0x154 <__bad_interrupt>
      14:	0c 94 aa 00 	jmp	0x154	; 0x154 <__bad_interrupt>
      18:	0c 94 aa 00 	jmp	0x154	; 0x154 <__bad_interrupt>
      1c:	0c 94 aa 00 	jmp	0x154	; 0x154 <__bad_interrupt>
      20:	0c 94 aa 00 	jmp	0x154	; 0x154 <__bad_interrupt>
      24:	0c 94 aa 00 	jmp	0x154	; 0x154 <__bad_interrupt>
      28:	0c 94 aa 00 	jmp	0x154	; 0x154 <__bad_interrupt>
      2c:	0c 94 aa 00 	jmp	0x154	; 0x154 <__bad_interrupt>
      30:	0c 94 aa 00 	jmp	0x154	; 0x154 <__bad_interrupt>
      34:	0c 94 aa 00 	jmp	0x154	; 0x154 <__bad_interrupt>
      38:	0c 94 36 07 	jmp	0xe6c	; 0xe6c <__vector_14>
      3c:	0c 94 aa 00 	jmp	0x154	; 0x154 <__bad_interrupt>
      40:	0c 94 aa 00 	jmp	0x154	; 0x154 <__bad_interrupt>
      44:	0c 94 aa 00 	jmp	0x154	; 0x154 <__bad_interrupt>
      48:	0c 94 aa 00 	jmp	0x154	; 0x154 <__bad_interrupt>
      4c:	0c 94 aa 00 	jmp	0x154	; 0x154 <__bad_interrupt>
      50:	0c 94 aa 00 	jmp	0x154	; 0x154 <__bad_interrupt>
      54:	0c 94 aa 00 	jmp	0x154	; 0x154 <__bad_interrupt>
      58:	0c 94 aa 00 	jmp	0x154	; 0x154 <__bad_interrupt>
      5c:	0c 94 aa 00 	jmp	0x154	; 0x154 <__bad_interrupt>
      60:	0c 94 5b 07 	jmp	0xeb6	; 0xeb6 <__vector_24>
      64:	0c 94 aa 00 	jmp	0x154	; 0x154 <__bad_interrupt>
      68:	76 07       	cpc	r23, r22
      6a:	a0 07       	cpc	r26, r16
      6c:	a0 07       	cpc	r26, r16
      6e:	a0 07       	cpc	r26, r16
      70:	a0 07       	cpc	r26, r16
      72:	a0 07       	cpc	r26, r16
      74:	a0 07       	cpc	r26, r16
      76:	a0 07       	cpc	r26, r16
      78:	76 07       	cpc	r23, r22
      7a:	a0 07       	cpc	r26, r16
      7c:	a0 07       	cpc	r26, r16
      7e:	a0 07       	cpc	r26, r16
      80:	a0 07       	cpc	r26, r16
      82:	a0 07       	cpc	r26, r16
      84:	a0 07       	cpc	r26, r16
      86:	a0 07       	cpc	r26, r16
      88:	76 07       	cpc	r23, r22
      8a:	a0 07       	cpc	r26, r16
      8c:	a0 07       	cpc	r26, r16
      8e:	a0 07       	cpc	r26, r16
      90:	a0 07       	cpc	r26, r16
      92:	a0 07       	cpc	r26, r16
      94:	a0 07       	cpc	r26, r16
      96:	a0 07       	cpc	r26, r16
      98:	76 07       	cpc	r23, r22
      9a:	a0 07       	cpc	r26, r16
      9c:	a0 07       	cpc	r26, r16
      9e:	a0 07       	cpc	r26, r16
      a0:	a0 07       	cpc	r26, r16
      a2:	a0 07       	cpc	r26, r16
      a4:	a0 07       	cpc	r26, r16
      a6:	a0 07       	cpc	r26, r16
      a8:	7a 07       	cpc	r23, r26
      aa:	a0 07       	cpc	r26, r16
      ac:	a0 07       	cpc	r26, r16
      ae:	a0 07       	cpc	r26, r16
      b0:	a0 07       	cpc	r26, r16
      b2:	a0 07       	cpc	r26, r16
      b4:	a0 07       	cpc	r26, r16
      b6:	a0 07       	cpc	r26, r16
      b8:	a0 07       	cpc	r26, r16
      ba:	a0 07       	cpc	r26, r16
      bc:	a0 07       	cpc	r26, r16
      be:	a0 07       	cpc	r26, r16
      c0:	a0 07       	cpc	r26, r16
      c2:	a0 07       	cpc	r26, r16
      c4:	a0 07       	cpc	r26, r16
      c6:	a0 07       	cpc	r26, r16
      c8:	7a 07       	cpc	r23, r26
      ca:	a0 07       	cpc	r26, r16
      cc:	a0 07       	cpc	r26, r16
      ce:	a0 07       	cpc	r26, r16
      d0:	a0 07       	cpc	r26, r16
      d2:	a0 07       	cpc	r26, r16
      d4:	a0 07       	cpc	r26, r16
      d6:	a0 07       	cpc	r26, r16
      d8:	a0 07       	cpc	r26, r16
      da:	a0 07       	cpc	r26, r16
      dc:	a0 07       	cpc	r26, r16
      de:	a0 07       	cpc	r26, r16
      e0:	a0 07       	cpc	r26, r16
      e2:	a0 07       	cpc	r26, r16
      e4:	a0 07       	cpc	r26, r16
      e6:	a0 07       	cpc	r26, r16
      e8:	a0 07       	cpc	r26, r16
      ea:	a0 07       	cpc	r26, r16
      ec:	a0 07       	cpc	r26, r16
      ee:	a0 07       	cpc	r26, r16
      f0:	a0 07       	cpc	r26, r16
      f2:	a0 07       	cpc	r26, r16
      f4:	a0 07       	cpc	r26, r16
      f6:	a0 07       	cpc	r26, r16
      f8:	82 07       	cpc	r24, r18
      fa:	a0 07       	cpc	r26, r16
      fc:	a0 07       	cpc	r26, r16
      fe:	a0 07       	cpc	r26, r16
     100:	a0 07       	cpc	r26, r16
     102:	a0 07       	cpc	r26, r16
     104:	a0 07       	cpc	r26, r16
     106:	a0 07       	cpc	r26, r16
     108:	82 07       	cpc	r24, r18
     10a:	a0 07       	cpc	r26, r16
     10c:	a0 07       	cpc	r26, r16
     10e:	a0 07       	cpc	r26, r16
     110:	a0 07       	cpc	r26, r16
     112:	a0 07       	cpc	r26, r16
     114:	a0 07       	cpc	r26, r16
     116:	a0 07       	cpc	r26, r16
     118:	82 07       	cpc	r24, r18

0000011a <__ctors_end>:
     11a:	11 24       	eor	r1, r1
     11c:	1f be       	out	0x3f, r1	; 63
     11e:	cf ef       	ldi	r28, 0xFF	; 255
     120:	d8 e0       	ldi	r29, 0x08	; 8
     122:	de bf       	out	0x3e, r29	; 62
     124:	cd bf       	out	0x3d, r28	; 61

00000126 <__do_copy_data>:
     126:	12 e0       	ldi	r17, 0x02	; 2
     128:	a0 e0       	ldi	r26, 0x00	; 0
     12a:	b1 e0       	ldi	r27, 0x01	; 1
     12c:	ee e0       	ldi	r30, 0x0E	; 14
     12e:	f1 e1       	ldi	r31, 0x11	; 17
     130:	02 c0       	rjmp	.+4      	; 0x136 <__do_copy_data+0x10>
     132:	05 90       	lpm	r0, Z+
     134:	0d 92       	st	X+, r0
     136:	ac 3e       	cpi	r26, 0xEC	; 236
     138:	b1 07       	cpc	r27, r17
     13a:	d9 f7       	brne	.-10     	; 0x132 <__do_copy_data+0xc>

0000013c <__do_clear_bss>:
     13c:	23 e0       	ldi	r18, 0x03	; 3
     13e:	ac ee       	ldi	r26, 0xEC	; 236
     140:	b2 e0       	ldi	r27, 0x02	; 2
     142:	01 c0       	rjmp	.+2      	; 0x146 <.do_clear_bss_start>

00000144 <.do_clear_bss_loop>:
     144:	1d 92       	st	X+, r1

00000146 <.do_clear_bss_start>:
     146:	af 31       	cpi	r26, 0x1F	; 31
     148:	b2 07       	cpc	r27, r18
     14a:	e1 f7       	brne	.-8      	; 0x144 <.do_clear_bss_loop>
     14c:	0e 94 ae 07 	call	0xf5c	; 0xf5c <main>
     150:	0c 94 85 08 	jmp	0x110a	; 0x110a <_exit>

00000154 <__bad_interrupt>:
     154:	0c 94 00 00 	jmp	0	; 0x0 <__vectors>

00000158 <millis_get>:
}

static uint32_t millis_get(void)
{
    uint32_t value;
    uint8_t old_sreg = SREG;
     158:	2f b7       	in	r18, 0x3f	; 63

    cli();
     15a:	f8 94       	cli
    value = g_millis;
     15c:	60 91 1b 03 	lds	r22, 0x031B	; 0x80031b <g_millis>
     160:	70 91 1c 03 	lds	r23, 0x031C	; 0x80031c <g_millis+0x1>
     164:	80 91 1d 03 	lds	r24, 0x031D	; 0x80031d <g_millis+0x2>
     168:	90 91 1e 03 	lds	r25, 0x031E	; 0x80031e <g_millis+0x3>
    SREG = old_sreg;
     16c:	2f bf       	out	0x3f, r18	; 63
    return value;
}
     16e:	08 95       	ret

00000170 <time_reached>:

static bool time_reached(uint32_t now, uint32_t deadline)
{
    return ((int32_t)(now - deadline) >= 0);
     170:	dc 01       	movw	r26, r24
     172:	cb 01       	movw	r24, r22
     174:	82 1b       	sub	r24, r18
     176:	93 0b       	sbc	r25, r19
     178:	a4 0b       	sbc	r26, r20
     17a:	b5 0b       	sbc	r27, r21
     17c:	80 95       	com	r24
     17e:	90 95       	com	r25
     180:	a0 95       	com	r26
     182:	b0 95       	com	r27
     184:	88 27       	eor	r24, r24
     186:	b7 fd       	sbrc	r27, 7
     188:	83 95       	inc	r24
     18a:	99 27       	eor	r25, r25
     18c:	aa 27       	eor	r26, r26
     18e:	bb 27       	eor	r27, r27
}
     190:	08 95       	ret

00000192 <interval_elapsed>:

static bool interval_elapsed(uint32_t now, uint32_t previous, uint32_t interval)
{
     192:	ef 92       	push	r14
     194:	ff 92       	push	r15
     196:	0f 93       	push	r16
     198:	1f 93       	push	r17
    return ((uint32_t)(now - previous) >= interval);
     19a:	dc 01       	movw	r26, r24
     19c:	cb 01       	movw	r24, r22
     19e:	82 1b       	sub	r24, r18
     1a0:	93 0b       	sbc	r25, r19
     1a2:	a4 0b       	sbc	r26, r20
     1a4:	b5 0b       	sbc	r27, r21
     1a6:	21 e0       	ldi	r18, 0x01	; 1
     1a8:	8e 15       	cp	r24, r14
     1aa:	9f 05       	cpc	r25, r15
     1ac:	a0 07       	cpc	r26, r16
     1ae:	b1 07       	cpc	r27, r17
     1b0:	08 f4       	brcc	.+2      	; 0x1b4 <interval_elapsed+0x22>
     1b2:	20 e0       	ldi	r18, 0x00	; 0
}
     1b4:	82 2f       	mov	r24, r18
     1b6:	1f 91       	pop	r17
     1b8:	0f 91       	pop	r16
     1ba:	ff 90       	pop	r15
     1bc:	ef 90       	pop	r14
     1be:	08 95       	ret

000001c0 <timer0_millis_init>:

static void timer0_millis_init(void)
{
    TCCR0A = (1 << WGM01);
     1c0:	82 e0       	ldi	r24, 0x02	; 2
     1c2:	84 bd       	out	0x24, r24	; 36
    TCCR0B = (1 << CS01) | (1 << CS00);
     1c4:	93 e0       	ldi	r25, 0x03	; 3
     1c6:	95 bd       	out	0x25, r25	; 37
    OCR0A = 249;
     1c8:	99 ef       	ldi	r25, 0xF9	; 249
     1ca:	97 bd       	out	0x27, r25	; 39
    TIMSK0 = (1 << OCIE0A);
     1cc:	80 93 6e 00 	sts	0x006E, r24	; 0x80006e <__TEXT_REGION_LENGTH__+0x7f806e>
     1d0:	08 95       	ret

000001d2 <uart_init>:

static void uart_init(void)
{
    const uint16_t ubrr = (uint16_t)((F_CPU / (16UL * 9600UL)) - 1UL);

    UBRR0H = (uint8_t)(ubrr >> 8);
     1d2:	10 92 c5 00 	sts	0x00C5, r1	; 0x8000c5 <__TEXT_REGION_LENGTH__+0x7f80c5>
    UBRR0L = (uint8_t)ubrr;
     1d6:	87 e6       	ldi	r24, 0x67	; 103
     1d8:	80 93 c4 00 	sts	0x00C4, r24	; 0x8000c4 <__TEXT_REGION_LENGTH__+0x7f80c4>
    UCSR0B = (1 << TXEN0);
     1dc:	88 e0       	ldi	r24, 0x08	; 8
     1de:	80 93 c1 00 	sts	0x00C1, r24	; 0x8000c1 <__TEXT_REGION_LENGTH__+0x7f80c1>
    UCSR0C = (1 << UCSZ01) | (1 << UCSZ00);
     1e2:	86 e0       	ldi	r24, 0x06	; 6
     1e4:	80 93 c2 00 	sts	0x00C2, r24	; 0x8000c2 <__TEXT_REGION_LENGTH__+0x7f80c2>
     1e8:	08 95       	ret

000001ea <uart_putc>:
}

static void uart_putc(char c)
{
    while ((UCSR0A & (1 << UDRE0)) == 0U) {
     1ea:	90 91 c0 00 	lds	r25, 0x00C0	; 0x8000c0 <__TEXT_REGION_LENGTH__+0x7f80c0>
     1ee:	95 ff       	sbrs	r25, 5
     1f0:	fc cf       	rjmp	.-8      	; 0x1ea <uart_putc>
    }
    UDR0 = (uint8_t)c;
     1f2:	80 93 c6 00 	sts	0x00C6, r24	; 0x8000c6 <__TEXT_REGION_LENGTH__+0x7f80c6>
     1f6:	08 95       	ret

000001f8 <uart_puts>:
}

static void uart_puts(const char *text)
{
     1f8:	cf 93       	push	r28
     1fa:	df 93       	push	r29
     1fc:	ec 01       	movw	r28, r24
    while (*text != '\0') {
     1fe:	03 c0       	rjmp	.+6      	; 0x206 <uart_puts+0xe>
        uart_putc(*text++);
     200:	21 96       	adiw	r28, 0x01	; 1
     202:	0e 94 f5 00 	call	0x1ea	; 0x1ea <uart_putc>
    UDR0 = (uint8_t)c;
}

static void uart_puts(const char *text)
{
    while (*text != '\0') {
     206:	88 81       	ld	r24, Y
     208:	81 11       	cpse	r24, r1
     20a:	fa cf       	rjmp	.-12     	; 0x200 <uart_puts+0x8>
        uart_putc(*text++);
    }
}
     20c:	df 91       	pop	r29
     20e:	cf 91       	pop	r28
     210:	08 95       	ret

00000212 <uart_put_u32>:

static void uart_put_u32(uint32_t value)
{
     212:	1f 93       	push	r17
     214:	cf 93       	push	r28
     216:	df 93       	push	r29
     218:	cd b7       	in	r28, 0x3d	; 61
     21a:	de b7       	in	r29, 0x3e	; 62
     21c:	2b 97       	sbiw	r28, 0x0b	; 11
     21e:	0f b6       	in	r0, 0x3f	; 63
     220:	f8 94       	cli
     222:	de bf       	out	0x3e, r29	; 62
     224:	0f be       	out	0x3f, r0	; 63
     226:	cd bf       	out	0x3d, r28	; 61
    char buffer[11];
    uint8_t index = 0U;

    if (value == 0UL) {
     228:	61 15       	cp	r22, r1
     22a:	71 05       	cpc	r23, r1
     22c:	81 05       	cpc	r24, r1
     22e:	91 05       	cpc	r25, r1
     230:	c1 f4       	brne	.+48     	; 0x262 <uart_put_u32+0x50>
        uart_putc('0');
     232:	80 e3       	ldi	r24, 0x30	; 48
     234:	0e 94 f5 00 	call	0x1ea	; 0x1ea <uart_putc>
     238:	29 c0       	rjmp	.+82     	; 0x28c <uart_put_u32+0x7a>
        return;
    }

    while ((value > 0UL) && (index < sizeof(buffer))) {
        buffer[index] = (char)('0' + (value % 10UL));
     23a:	2a e0       	ldi	r18, 0x0A	; 10
     23c:	30 e0       	ldi	r19, 0x00	; 0
     23e:	40 e0       	ldi	r20, 0x00	; 0
     240:	50 e0       	ldi	r21, 0x00	; 0
     242:	0e 94 43 08 	call	0x1086	; 0x1086 <__udivmodsi4>
     246:	60 5d       	subi	r22, 0xD0	; 208
     248:	e1 e0       	ldi	r30, 0x01	; 1
     24a:	f0 e0       	ldi	r31, 0x00	; 0
     24c:	ec 0f       	add	r30, r28
     24e:	fd 1f       	adc	r31, r29
     250:	e1 0f       	add	r30, r17
     252:	f1 1d       	adc	r31, r1
     254:	60 83       	st	Z, r22
        value /= 10UL;
     256:	62 2f       	mov	r22, r18
     258:	73 2f       	mov	r23, r19
     25a:	84 2f       	mov	r24, r20
     25c:	95 2f       	mov	r25, r21
        index++;
     25e:	1f 5f       	subi	r17, 0xFF	; 255
     260:	01 c0       	rjmp	.+2      	; 0x264 <uart_put_u32+0x52>
     262:	10 e0       	ldi	r17, 0x00	; 0
    if (value == 0UL) {
        uart_putc('0');
        return;
    }

    while ((value > 0UL) && (index < sizeof(buffer))) {
     264:	61 15       	cp	r22, r1
     266:	71 05       	cpc	r23, r1
     268:	81 05       	cpc	r24, r1
     26a:	91 05       	cpc	r25, r1
     26c:	69 f0       	breq	.+26     	; 0x288 <uart_put_u32+0x76>
     26e:	1b 30       	cpi	r17, 0x0B	; 11
     270:	20 f3       	brcs	.-56     	; 0x23a <uart_put_u32+0x28>
     272:	0a c0       	rjmp	.+20     	; 0x288 <uart_put_u32+0x76>
        value /= 10UL;
        index++;
    }

    while (index > 0U) {
        index--;
     274:	11 50       	subi	r17, 0x01	; 1
        uart_putc(buffer[index]);
     276:	e1 e0       	ldi	r30, 0x01	; 1
     278:	f0 e0       	ldi	r31, 0x00	; 0
     27a:	ec 0f       	add	r30, r28
     27c:	fd 1f       	adc	r31, r29
     27e:	e1 0f       	add	r30, r17
     280:	f1 1d       	adc	r31, r1
     282:	80 81       	ld	r24, Z
     284:	0e 94 f5 00 	call	0x1ea	; 0x1ea <uart_putc>
        buffer[index] = (char)('0' + (value % 10UL));
        value /= 10UL;
        index++;
    }

    while (index > 0U) {
     288:	11 11       	cpse	r17, r1
     28a:	f4 cf       	rjmp	.-24     	; 0x274 <uart_put_u32+0x62>
        index--;
        uart_putc(buffer[index]);
    }
}
     28c:	2b 96       	adiw	r28, 0x0b	; 11
     28e:	0f b6       	in	r0, 0x3f	; 63
     290:	f8 94       	cli
     292:	de bf       	out	0x3e, r29	; 62
     294:	0f be       	out	0x3f, r0	; 63
     296:	cd bf       	out	0x3d, r28	; 61
     298:	df 91       	pop	r29
     29a:	cf 91       	pop	r28
     29c:	1f 91       	pop	r17
     29e:	08 95       	ret

000002a0 <uart_put_i32>:

static void uart_put_i32(int32_t value)
{
     2a0:	cf 92       	push	r12
     2a2:	df 92       	push	r13
     2a4:	ef 92       	push	r14
     2a6:	ff 92       	push	r15
     2a8:	6b 01       	movw	r12, r22
     2aa:	7c 01       	movw	r14, r24
    uint32_t magnitude;

    if (value < 0L) {
     2ac:	99 23       	and	r25, r25
     2ae:	5c f4       	brge	.+22     	; 0x2c6 <uart_put_i32+0x26>
        uart_putc('-');
     2b0:	8d e2       	ldi	r24, 0x2D	; 45
     2b2:	0e 94 f5 00 	call	0x1ea	; 0x1ea <uart_putc>
        magnitude = (uint32_t)(-(value + 1L));
        magnitude += 1UL;
     2b6:	66 27       	eor	r22, r22
     2b8:	77 27       	eor	r23, r23
     2ba:	cb 01       	movw	r24, r22
     2bc:	6c 19       	sub	r22, r12
     2be:	7d 09       	sbc	r23, r13
     2c0:	8e 09       	sbc	r24, r14
     2c2:	9f 09       	sbc	r25, r15
     2c4:	00 c0       	rjmp	.+0      	; 0x2c6 <uart_put_i32+0x26>
    } else {
        magnitude = (uint32_t)value;
    }

    uart_put_u32(magnitude);
     2c6:	0e 94 09 01 	call	0x212	; 0x212 <uart_put_u32>
}
     2ca:	ff 90       	pop	r15
     2cc:	ef 90       	pop	r14
     2ce:	df 90       	pop	r13
     2d0:	cf 90       	pop	r12
     2d2:	08 95       	ret

000002d4 <uart_put_u16>:

static void uart_put_u16(uint16_t value)
{
    uart_put_u32((uint32_t)value);
     2d4:	bc 01       	movw	r22, r24
     2d6:	80 e0       	ldi	r24, 0x00	; 0
     2d8:	90 e0       	ldi	r25, 0x00	; 0
     2da:	0e 94 09 01 	call	0x212	; 0x212 <uart_put_u32>
     2de:	08 95       	ret

000002e0 <button_pressed_raw>:
}

static uint8_t button_pressed_raw(void)
{
    return ((PIND & (1 << BUTTON_BIT)) == 0U);
     2e0:	89 b1       	in	r24, 0x09	; 9
     2e2:	86 95       	lsr	r24
     2e4:	86 95       	lsr	r24
     2e6:	86 95       	lsr	r24
     2e8:	91 e0       	ldi	r25, 0x01	; 1
     2ea:	89 27       	eor	r24, r25
}
     2ec:	81 70       	andi	r24, 0x01	; 1
     2ee:	08 95       	ret

000002f0 <proximity_active_raw>:

static uint8_t proximity_active_raw(void)
{
#if PROX_ACTIVE_LOW
    return ((PIND & (1 << PROX_BIT)) == 0U);
     2f0:	89 b1       	in	r24, 0x09	; 9
     2f2:	86 95       	lsr	r24
     2f4:	86 95       	lsr	r24
     2f6:	91 e0       	ldi	r25, 0x01	; 1
     2f8:	89 27       	eor	r24, r25
#else
    return ((PIND & (1 << PROX_BIT)) != 0U);
#endif
}
     2fa:	81 70       	andi	r24, 0x01	; 1
     2fc:	08 95       	ret

000002fe <dc_motor_set>:

static void dc_motor_set(uint8_t enabled)
{
    if (enabled) {
     2fe:	88 23       	and	r24, r24
     300:	21 f0       	breq	.+8      	; 0x30a <dc_motor_set+0xc>
        PORTD |= (1 << DC_MOTOR_BIT);
     302:	8b b1       	in	r24, 0x0b	; 11
     304:	80 64       	ori	r24, 0x40	; 64
     306:	8b b9       	out	0x0b, r24	; 11
     308:	08 95       	ret
    } else {
        PORTD &= ~(1 << DC_MOTOR_BIT);
     30a:	8b b1       	in	r24, 0x0b	; 11
     30c:	8f 7b       	andi	r24, 0xBF	; 191
     30e:	8b b9       	out	0x0b, r24	; 11
     310:	08 95       	ret

00000312 <gpio_init>:
    }
}

static void gpio_init(void)
{
    DDRD &= ~((1 << PROX_BIT) | (1 << BUTTON_BIT) | (1 << HX_DOUT_BIT));
     312:	8a b1       	in	r24, 0x0a	; 10
     314:	83 7e       	andi	r24, 0xE3	; 227
     316:	8a b9       	out	0x0a, r24	; 10
    PORTD |= (1 << BUTTON_BIT) | (1 << PROX_BIT);
     318:	8b b1       	in	r24, 0x0b	; 11
     31a:	8c 60       	ori	r24, 0x0C	; 12
     31c:	8b b9       	out	0x0b, r24	; 11

    DDRD |= (1 << HX_SCK_BIT) | (1 << DC_MOTOR_BIT) | (1 << STEPPER_STEP_BIT);
     31e:	8a b1       	in	r24, 0x0a	; 10
     320:	80 6e       	ori	r24, 0xE0	; 224
     322:	8a b9       	out	0x0a, r24	; 10
    PORTD &= ~((1 << HX_SCK_BIT) | (1 << DC_MOTOR_BIT) | (1 << STEPPER_STEP_BIT));
     324:	8b b1       	in	r24, 0x0b	; 11
     326:	8f 71       	andi	r24, 0x1F	; 31
     328:	8b b9       	out	0x0b, r24	; 11

    DDRB |= (1 << STEPPER_DIR_BIT) | (1 << STEPPER_EN_BIT);
     32a:	84 b1       	in	r24, 0x04	; 4
     32c:	85 60       	ori	r24, 0x05	; 5
     32e:	84 b9       	out	0x04, r24	; 4
    PORTB &= ~(1 << STEPPER_DIR_BIT);
     330:	85 b1       	in	r24, 0x05	; 5
     332:	8e 7f       	andi	r24, 0xFE	; 254
     334:	85 b9       	out	0x05, r24	; 5
    PORTB |= (1 << STEPPER_EN_BIT);
     336:	85 b1       	in	r24, 0x05	; 5
     338:	84 60       	ori	r24, 0x04	; 4
     33a:	85 b9       	out	0x05, r24	; 5
     33c:	08 95       	ret

0000033e <debounce_init>:
}

static void debounce_init(debounce_t *input, uint8_t initial_state, uint32_t now)
{
     33e:	fc 01       	movw	r30, r24
    input->stable_state = initial_state;
     340:	60 83       	st	Z, r22
    input->last_raw_state = initial_state;
     342:	61 83       	std	Z+1, r22	; 0x01
    input->last_change_ms = now;
     344:	22 83       	std	Z+2, r18	; 0x02
     346:	33 83       	std	Z+3, r19	; 0x03
     348:	44 83       	std	Z+4, r20	; 0x04
     34a:	55 83       	std	Z+5, r21	; 0x05
     34c:	08 95       	ret

0000034e <debounce_update>:
}

static bool debounce_update(debounce_t *input, uint8_t raw_state, uint32_t now)
{
     34e:	df 92       	push	r13
     350:	ef 92       	push	r14
     352:	ff 92       	push	r15
     354:	0f 93       	push	r16
     356:	1f 93       	push	r17
     358:	cf 93       	push	r28
     35a:	df 93       	push	r29
     35c:	fc 01       	movw	r30, r24
     35e:	a6 2f       	mov	r26, r22
    if (raw_state != input->last_raw_state) {
     360:	81 81       	ldd	r24, Z+1	; 0x01
     362:	86 17       	cp	r24, r22
     364:	29 f0       	breq	.+10     	; 0x370 <debounce_update+0x22>
        input->last_raw_state = raw_state;
     366:	61 83       	std	Z+1, r22	; 0x01
        input->last_change_ms = now;
     368:	22 83       	std	Z+2, r18	; 0x02
     36a:	33 83       	std	Z+3, r19	; 0x03
     36c:	44 83       	std	Z+4, r20	; 0x04
     36e:	55 83       	std	Z+5, r21	; 0x05
    }

    if ((raw_state != input->stable_state) &&
     370:	80 81       	ld	r24, Z
     372:	a8 17       	cp	r26, r24
     374:	99 f0       	breq	.+38     	; 0x39c <debounce_update+0x4e>
     376:	ca 01       	movw	r24, r20
     378:	b9 01       	movw	r22, r18
     37a:	da 2e       	mov	r13, r26
     37c:	ef 01       	movw	r28, r30
        interval_elapsed(now, input->last_change_ms, 30UL)) {
     37e:	22 81       	ldd	r18, Z+2	; 0x02
     380:	33 81       	ldd	r19, Z+3	; 0x03
     382:	44 81       	ldd	r20, Z+4	; 0x04
     384:	55 81       	ldd	r21, Z+5	; 0x05
     386:	1e e1       	ldi	r17, 0x1E	; 30
     388:	e1 2e       	mov	r14, r17
     38a:	f1 2c       	mov	r15, r1
     38c:	00 e0       	ldi	r16, 0x00	; 0
     38e:	10 e0       	ldi	r17, 0x00	; 0
     390:	0e 94 c9 00 	call	0x192	; 0x192 <interval_elapsed>
    if (raw_state != input->last_raw_state) {
        input->last_raw_state = raw_state;
        input->last_change_ms = now;
    }

    if ((raw_state != input->stable_state) &&
     394:	88 23       	and	r24, r24
     396:	19 f0       	breq	.+6      	; 0x39e <debounce_update+0x50>
        interval_elapsed(now, input->last_change_ms, 30UL)) {
        input->stable_state = raw_state;
     398:	d8 82       	st	Y, r13
        return true;
     39a:	01 c0       	rjmp	.+2      	; 0x39e <debounce_update+0x50>
    }

    return false;
     39c:	80 e0       	ldi	r24, 0x00	; 0
}
     39e:	df 91       	pop	r29
     3a0:	cf 91       	pop	r28
     3a2:	1f 91       	pop	r17
     3a4:	0f 91       	pop	r16
     3a6:	ff 90       	pop	r15
     3a8:	ef 90       	pop	r14
     3aa:	df 90       	pop	r13
     3ac:	08 95       	ret

000003ae <servo_init>:

static void servo_init(void)
{
    DDRB |= (1 << SERVO_BIT);
     3ae:	84 b1       	in	r24, 0x04	; 4
     3b0:	82 60       	ori	r24, 0x02	; 2
     3b2:	84 b9       	out	0x04, r24	; 4
    TCCR1A = (1 << COM1A1) | (1 << WGM11);
     3b4:	82 e8       	ldi	r24, 0x82	; 130
     3b6:	80 93 80 00 	sts	0x0080, r24	; 0x800080 <__TEXT_REGION_LENGTH__+0x7f8080>
    TCCR1B = (1 << WGM13) | (1 << WGM12) | (1 << CS11);
     3ba:	8a e1       	ldi	r24, 0x1A	; 26
     3bc:	80 93 81 00 	sts	0x0081, r24	; 0x800081 <__TEXT_REGION_LENGTH__+0x7f8081>
    ICR1 = 39999U;
     3c0:	8f e3       	ldi	r24, 0x3F	; 63
     3c2:	9c e9       	ldi	r25, 0x9C	; 156
     3c4:	90 93 87 00 	sts	0x0087, r25	; 0x800087 <__TEXT_REGION_LENGTH__+0x7f8087>
     3c8:	80 93 86 00 	sts	0x0086, r24	; 0x800086 <__TEXT_REGION_LENGTH__+0x7f8086>
    OCR1A = 2000U;
     3cc:	80 ed       	ldi	r24, 0xD0	; 208
     3ce:	97 e0       	ldi	r25, 0x07	; 7
     3d0:	90 93 89 00 	sts	0x0089, r25	; 0x800089 <__TEXT_REGION_LENGTH__+0x7f8089>
     3d4:	80 93 88 00 	sts	0x0088, r24	; 0x800088 <__TEXT_REGION_LENGTH__+0x7f8088>
     3d8:	08 95       	ret

000003da <servo_set_degrees>:
}

static void servo_set_degrees(uint8_t degrees)
{
     3da:	cf 93       	push	r28
     3dc:	c8 2f       	mov	r28, r24
    uint16_t pulse_us;

    if (degrees > 180U) {
     3de:	85 3b       	cpi	r24, 0xB5	; 181
     3e0:	08 f0       	brcs	.+2      	; 0x3e4 <servo_set_degrees+0xa>
        degrees = 180U;
     3e2:	c4 eb       	ldi	r28, 0xB4	; 180
    }

    pulse_us = (uint16_t)(1000UL + ((uint32_t)degrees * 1000UL / 180UL));
     3e4:	2c 2f       	mov	r18, r28
     3e6:	30 e0       	ldi	r19, 0x00	; 0
     3e8:	a8 ee       	ldi	r26, 0xE8	; 232
     3ea:	b3 e0       	ldi	r27, 0x03	; 3
     3ec:	0e 94 6b 08 	call	0x10d6	; 0x10d6 <__umulhisi3>
     3f0:	24 eb       	ldi	r18, 0xB4	; 180
     3f2:	30 e0       	ldi	r19, 0x00	; 0
     3f4:	40 e0       	ldi	r20, 0x00	; 0
     3f6:	50 e0       	ldi	r21, 0x00	; 0
     3f8:	0e 94 43 08 	call	0x1086	; 0x1086 <__udivmodsi4>
     3fc:	28 51       	subi	r18, 0x18	; 24
     3fe:	3c 4f       	sbci	r19, 0xFC	; 252
    OCR1A = (uint16_t)(pulse_us * 2U);
     400:	22 0f       	add	r18, r18
     402:	33 1f       	adc	r19, r19
     404:	30 93 89 00 	sts	0x0089, r19	; 0x800089 <__TEXT_REGION_LENGTH__+0x7f8089>
     408:	20 93 88 00 	sts	0x0088, r18	; 0x800088 <__TEXT_REGION_LENGTH__+0x7f8088>
    servo_angle_deg = degrees;
     40c:	c0 93 f9 02 	sts	0x02F9, r28	; 0x8002f9 <servo_angle_deg>
}
     410:	cf 91       	pop	r28
     412:	08 95       	ret

00000414 <servo_schedule>:

static void servo_schedule(uint32_t now)
{
    if (servo_state == SERVO_IDLE) {
     414:	20 91 0f 03 	lds	r18, 0x030F	; 0x80030f <servo_state>
     418:	21 11       	cpse	r18, r1
     41a:	15 c0       	rjmp	.+42     	; 0x446 <servo_schedule+0x32>
     41c:	dc 01       	movw	r26, r24
     41e:	cb 01       	movw	r24, r22
        servo_state = SERVO_WAITING;
     420:	21 e0       	ldi	r18, 0x01	; 1
     422:	20 93 0f 03 	sts	0x030F, r18	; 0x80030f <servo_state>
        servo_deadline_ms = now + SERVO_WAIT_MS;
     426:	80 5f       	subi	r24, 0xF0	; 240
     428:	98 4d       	sbci	r25, 0xD8	; 216
     42a:	af 4f       	sbci	r26, 0xFF	; 255
     42c:	bf 4f       	sbci	r27, 0xFF	; 255
     42e:	80 93 08 03 	sts	0x0308, r24	; 0x800308 <servo_deadline_ms>
     432:	90 93 09 03 	sts	0x0309, r25	; 0x800309 <servo_deadline_ms+0x1>
     436:	a0 93 0a 03 	sts	0x030A, r26	; 0x80030a <servo_deadline_ms+0x2>
     43a:	b0 93 0b 03 	sts	0x030B, r27	; 0x80030b <servo_deadline_ms+0x3>
        uart_puts("Proximidad detectada: servo programado.\r\n");
     43e:	81 e0       	ldi	r24, 0x01	; 1
     440:	91 e0       	ldi	r25, 0x01	; 1
     442:	0e 94 fc 00 	call	0x1f8	; 0x1f8 <uart_puts>
     446:	08 95       	ret

00000448 <servo_service>:
    }
}

static void servo_service(uint32_t now)
{
     448:	cf 92       	push	r12
     44a:	df 92       	push	r13
     44c:	ef 92       	push	r14
     44e:	ff 92       	push	r15
     450:	cf 93       	push	r28
     452:	6b 01       	movw	r12, r22
     454:	7c 01       	movw	r14, r24
    if ((servo_state == SERVO_WAITING) && time_reached(now, servo_deadline_ms)) {
     456:	c0 91 0f 03 	lds	r28, 0x030F	; 0x80030f <servo_state>
     45a:	c1 30       	cpi	r28, 0x01	; 1
     45c:	29 f5       	brne	.+74     	; 0x4a8 <servo_service+0x60>
     45e:	20 91 08 03 	lds	r18, 0x0308	; 0x800308 <servo_deadline_ms>
     462:	30 91 09 03 	lds	r19, 0x0309	; 0x800309 <servo_deadline_ms+0x1>
     466:	40 91 0a 03 	lds	r20, 0x030A	; 0x80030a <servo_deadline_ms+0x2>
     46a:	50 91 0b 03 	lds	r21, 0x030B	; 0x80030b <servo_deadline_ms+0x3>
     46e:	0e 94 b8 00 	call	0x170	; 0x170 <time_reached>
     472:	88 23       	and	r24, r24
     474:	c9 f0       	breq	.+50     	; 0x4a8 <servo_service+0x60>
        servo_set_degrees(90U);
     476:	8a e5       	ldi	r24, 0x5A	; 90
     478:	0e 94 ed 01 	call	0x3da	; 0x3da <servo_set_degrees>
        servo_state = SERVO_AT_90;
     47c:	82 e0       	ldi	r24, 0x02	; 2
     47e:	80 93 0f 03 	sts	0x030F, r24	; 0x80030f <servo_state>
        servo_deadline_ms = now + SERVO_HOLD_MS;
     482:	88 ee       	ldi	r24, 0xE8	; 232
     484:	c8 0e       	add	r12, r24
     486:	83 e0       	ldi	r24, 0x03	; 3
     488:	d8 1e       	adc	r13, r24
     48a:	e1 1c       	adc	r14, r1
     48c:	f1 1c       	adc	r15, r1
     48e:	c0 92 08 03 	sts	0x0308, r12	; 0x800308 <servo_deadline_ms>
     492:	d0 92 09 03 	sts	0x0309, r13	; 0x800309 <servo_deadline_ms+0x1>
     496:	e0 92 0a 03 	sts	0x030A, r14	; 0x80030a <servo_deadline_ms+0x2>
     49a:	f0 92 0b 03 	sts	0x030B, r15	; 0x80030b <servo_deadline_ms+0x3>
        uart_puts("Servo a 90 grados.\r\n");
     49e:	8b e2       	ldi	r24, 0x2B	; 43
     4a0:	91 e0       	ldi	r25, 0x01	; 1
     4a2:	0e 94 fc 00 	call	0x1f8	; 0x1f8 <uart_puts>
     4a6:	19 c0       	rjmp	.+50     	; 0x4da <servo_service+0x92>
    } else if ((servo_state == SERVO_AT_90) && time_reached(now, servo_deadline_ms)) {
     4a8:	c2 30       	cpi	r28, 0x02	; 2
     4aa:	b9 f4       	brne	.+46     	; 0x4da <servo_service+0x92>
     4ac:	20 91 08 03 	lds	r18, 0x0308	; 0x800308 <servo_deadline_ms>
     4b0:	30 91 09 03 	lds	r19, 0x0309	; 0x800309 <servo_deadline_ms+0x1>
     4b4:	40 91 0a 03 	lds	r20, 0x030A	; 0x80030a <servo_deadline_ms+0x2>
     4b8:	50 91 0b 03 	lds	r21, 0x030B	; 0x80030b <servo_deadline_ms+0x3>
     4bc:	c7 01       	movw	r24, r14
     4be:	b6 01       	movw	r22, r12
     4c0:	0e 94 b8 00 	call	0x170	; 0x170 <time_reached>
     4c4:	88 23       	and	r24, r24
     4c6:	49 f0       	breq	.+18     	; 0x4da <servo_service+0x92>
        servo_set_degrees(0U);
     4c8:	80 e0       	ldi	r24, 0x00	; 0
     4ca:	0e 94 ed 01 	call	0x3da	; 0x3da <servo_set_degrees>
        servo_state = SERVO_IDLE;
     4ce:	10 92 0f 03 	sts	0x030F, r1	; 0x80030f <servo_state>
        uart_puts("Servo regreso a 0 grados.\r\n");
     4d2:	80 e4       	ldi	r24, 0x40	; 64
     4d4:	91 e0       	ldi	r25, 0x01	; 1
     4d6:	0e 94 fc 00 	call	0x1f8	; 0x1f8 <uart_puts>
    }
}
     4da:	cf 91       	pop	r28
     4dc:	ff 90       	pop	r15
     4de:	ef 90       	pop	r14
     4e0:	df 90       	pop	r13
     4e2:	cf 90       	pop	r12
     4e4:	08 95       	ret

000004e6 <twi_init>:

static void twi_init(void)
{
    TWSR = 0x00U;
     4e6:	10 92 b9 00 	sts	0x00B9, r1	; 0x8000b9 <__TEXT_REGION_LENGTH__+0x7f80b9>
    TWBR = (uint8_t)(((F_CPU / 100000UL) - 16UL) / 2UL);
     4ea:	88 e4       	ldi	r24, 0x48	; 72
     4ec:	80 93 b8 00 	sts	0x00B8, r24	; 0x8000b8 <__TEXT_REGION_LENGTH__+0x7f80b8>
    TWAR = (uint8_t)(I2C_SLAVE_ADDRESS << 1);
     4f0:	84 e2       	ldi	r24, 0x24	; 36
     4f2:	80 93 ba 00 	sts	0x00BA, r24	; 0x8000ba <__TEXT_REGION_LENGTH__+0x7f80ba>
    TWCR = (1 << TWEA) | (1 << TWEN) | (1 << TWIE) | (1 << TWINT);
     4f6:	85 ec       	ldi	r24, 0xC5	; 197
     4f8:	80 93 bc 00 	sts	0x00BC, r24	; 0x8000bc <__TEXT_REGION_LENGTH__+0x7f80bc>
     4fc:	08 95       	ret

000004fe <twi_wait_interrupt>:
}

static bool twi_wait_interrupt(void)
{
    uint16_t timeout = 65535U;
     4fe:	2f ef       	ldi	r18, 0xFF	; 255
     500:	3f ef       	ldi	r19, 0xFF	; 255

    while (((TWCR & (1 << TWINT)) == 0U) && (timeout > 0U)) {
     502:	02 c0       	rjmp	.+4      	; 0x508 <twi_wait_interrupt+0xa>
        timeout--;
     504:	21 50       	subi	r18, 0x01	; 1
     506:	31 09       	sbc	r19, r1

static bool twi_wait_interrupt(void)
{
    uint16_t timeout = 65535U;

    while (((TWCR & (1 << TWINT)) == 0U) && (timeout > 0U)) {
     508:	80 91 bc 00 	lds	r24, 0x00BC	; 0x8000bc <__TEXT_REGION_LENGTH__+0x7f80bc>
     50c:	88 23       	and	r24, r24
     50e:	1c f0       	brlt	.+6      	; 0x516 <twi_wait_interrupt+0x18>
     510:	21 15       	cp	r18, r1
     512:	31 05       	cpc	r19, r1
     514:	b9 f7       	brne	.-18     	; 0x504 <twi_wait_interrupt+0x6>
        timeout--;
    }

    return (timeout > 0U);
     516:	81 e0       	ldi	r24, 0x01	; 1
     518:	23 2b       	or	r18, r19
     51a:	09 f4       	brne	.+2      	; 0x51e <twi_wait_interrupt+0x20>
     51c:	80 e0       	ldi	r24, 0x00	; 0
}
     51e:	08 95       	ret

00000520 <twi_status>:

static uint8_t twi_status(void)
{
    return (uint8_t)(TWSR & 0xF8U);
     520:	80 91 b9 00 	lds	r24, 0x00B9	; 0x8000b9 <__TEXT_REGION_LENGTH__+0x7f80b9>
}
     524:	88 7f       	andi	r24, 0xF8	; 248
     526:	08 95       	ret

00000528 <twi_start>:

static bool twi_start(uint8_t address_rw)
{
     528:	cf 93       	push	r28
     52a:	c8 2f       	mov	r28, r24
    uint8_t status;

    TWCR = (1 << TWINT) | (1 << TWSTA) | (1 << TWEN);
     52c:	84 ea       	ldi	r24, 0xA4	; 164
     52e:	80 93 bc 00 	sts	0x00BC, r24	; 0x8000bc <__TEXT_REGION_LENGTH__+0x7f80bc>
    if (!twi_wait_interrupt()) {
     532:	0e 94 7f 02 	call	0x4fe	; 0x4fe <twi_wait_interrupt>
     536:	88 23       	and	r24, r24
     538:	f9 f0       	breq	.+62     	; 0x578 <twi_start+0x50>
        return false;
    }

    status = twi_status();
     53a:	0e 94 90 02 	call	0x520	; 0x520 <twi_status>
    if ((status != TWI_START_STATUS) && (status != TWI_REP_START_STATUS)) {
     53e:	88 30       	cpi	r24, 0x08	; 8
     540:	11 f0       	breq	.+4      	; 0x546 <twi_start+0x1e>
     542:	80 31       	cpi	r24, 0x10	; 16
     544:	c1 f4       	brne	.+48     	; 0x576 <twi_start+0x4e>
        return false;
    }

    TWDR = address_rw;
     546:	c0 93 bb 00 	sts	0x00BB, r28	; 0x8000bb <__TEXT_REGION_LENGTH__+0x7f80bb>
    TWCR = (1 << TWINT) | (1 << TWEN);
     54a:	84 e8       	ldi	r24, 0x84	; 132
     54c:	80 93 bc 00 	sts	0x00BC, r24	; 0x8000bc <__TEXT_REGION_LENGTH__+0x7f80bc>
    if (!twi_wait_interrupt()) {
     550:	0e 94 7f 02 	call	0x4fe	; 0x4fe <twi_wait_interrupt>
     554:	88 23       	and	r24, r24
     556:	81 f0       	breq	.+32     	; 0x578 <twi_start+0x50>
        return false;
    }

    status = twi_status();
     558:	0e 94 90 02 	call	0x520	; 0x520 <twi_status>
     55c:	98 2f       	mov	r25, r24
    if ((address_rw & 1U) == 0U) {
     55e:	c0 fd       	sbrc	r28, 0
     560:	05 c0       	rjmp	.+10     	; 0x56c <twi_start+0x44>
        return (status == TWI_MT_SLA_ACK_STATUS);
     562:	81 e0       	ldi	r24, 0x01	; 1
     564:	98 31       	cpi	r25, 0x18	; 24
     566:	41 f0       	breq	.+16     	; 0x578 <twi_start+0x50>
     568:	80 e0       	ldi	r24, 0x00	; 0
     56a:	06 c0       	rjmp	.+12     	; 0x578 <twi_start+0x50>
    }

    return (status == TWI_MR_SLA_ACK_STATUS);
     56c:	81 e0       	ldi	r24, 0x01	; 1
     56e:	90 34       	cpi	r25, 0x40	; 64
     570:	19 f0       	breq	.+6      	; 0x578 <twi_start+0x50>
     572:	80 e0       	ldi	r24, 0x00	; 0
     574:	01 c0       	rjmp	.+2      	; 0x578 <twi_start+0x50>
        return false;
    }

    status = twi_status();
    if ((status != TWI_START_STATUS) && (status != TWI_REP_START_STATUS)) {
        return false;
     576:	80 e0       	ldi	r24, 0x00	; 0
    if ((address_rw & 1U) == 0U) {
        return (status == TWI_MT_SLA_ACK_STATUS);
    }

    return (status == TWI_MR_SLA_ACK_STATUS);
}
     578:	cf 91       	pop	r28
     57a:	08 95       	ret

0000057c <twi_write>:

static bool twi_write(uint8_t data)
{
    TWDR = data;
     57c:	80 93 bb 00 	sts	0x00BB, r24	; 0x8000bb <__TEXT_REGION_LENGTH__+0x7f80bb>
    TWCR = (1 << TWINT) | (1 << TWEN);
     580:	84 e8       	ldi	r24, 0x84	; 132
     582:	80 93 bc 00 	sts	0x00BC, r24	; 0x8000bc <__TEXT_REGION_LENGTH__+0x7f80bc>

    if (!twi_wait_interrupt()) {
     586:	0e 94 7f 02 	call	0x4fe	; 0x4fe <twi_wait_interrupt>
     58a:	98 2f       	mov	r25, r24
     58c:	88 23       	and	r24, r24
     58e:	31 f0       	breq	.+12     	; 0x59c <twi_write+0x20>
        return false;
    }

    return (twi_status() == TWI_MT_DATA_ACK_STATUS);
     590:	0e 94 90 02 	call	0x520	; 0x520 <twi_status>
     594:	91 e0       	ldi	r25, 0x01	; 1
     596:	88 32       	cpi	r24, 0x28	; 40
     598:	09 f0       	breq	.+2      	; 0x59c <twi_write+0x20>
     59a:	90 e0       	ldi	r25, 0x00	; 0
}
     59c:	89 2f       	mov	r24, r25
     59e:	08 95       	ret

000005a0 <twi_read>:

static bool twi_read(uint8_t *data, bool acknowledge)
{
     5a0:	0f 93       	push	r16
     5a2:	1f 93       	push	r17
     5a4:	cf 93       	push	r28
     5a6:	df 93       	push	r29
     5a8:	8c 01       	movw	r16, r24
     5aa:	d6 2f       	mov	r29, r22
    if (acknowledge) {
     5ac:	66 23       	and	r22, r22
     5ae:	21 f0       	breq	.+8      	; 0x5b8 <twi_read+0x18>
        TWCR = (1 << TWINT) | (1 << TWEN) | (1 << TWEA);
     5b0:	84 ec       	ldi	r24, 0xC4	; 196
     5b2:	80 93 bc 00 	sts	0x00BC, r24	; 0x8000bc <__TEXT_REGION_LENGTH__+0x7f80bc>
     5b6:	03 c0       	rjmp	.+6      	; 0x5be <twi_read+0x1e>
    } else {
        TWCR = (1 << TWINT) | (1 << TWEN);
     5b8:	84 e8       	ldi	r24, 0x84	; 132
     5ba:	80 93 bc 00 	sts	0x00BC, r24	; 0x8000bc <__TEXT_REGION_LENGTH__+0x7f80bc>
    }

    if (!twi_wait_interrupt()) {
     5be:	0e 94 7f 02 	call	0x4fe	; 0x4fe <twi_wait_interrupt>
     5c2:	c8 2f       	mov	r28, r24
     5c4:	88 23       	and	r24, r24
     5c6:	99 f0       	breq	.+38     	; 0x5ee <twi_read+0x4e>
        return false;
    }

    if (acknowledge) {
     5c8:	dd 23       	and	r29, r29
     5ca:	29 f0       	breq	.+10     	; 0x5d6 <twi_read+0x36>
        if (twi_status() != TWI_MR_DATA_ACK_STATUS) {
     5cc:	0e 94 90 02 	call	0x520	; 0x520 <twi_status>
     5d0:	80 35       	cpi	r24, 0x50	; 80
     5d2:	51 f4       	brne	.+20     	; 0x5e8 <twi_read+0x48>
     5d4:	04 c0       	rjmp	.+8      	; 0x5de <twi_read+0x3e>
            return false;
        }
    } else if (twi_status() != TWI_MR_DATA_NACK_STATUS) {
     5d6:	0e 94 90 02 	call	0x520	; 0x520 <twi_status>
     5da:	88 35       	cpi	r24, 0x58	; 88
     5dc:	39 f4       	brne	.+14     	; 0x5ec <twi_read+0x4c>
        return false;
    }

    *data = TWDR;
     5de:	80 91 bb 00 	lds	r24, 0x00BB	; 0x8000bb <__TEXT_REGION_LENGTH__+0x7f80bb>
     5e2:	f8 01       	movw	r30, r16
     5e4:	80 83       	st	Z, r24
    return true;
     5e6:	03 c0       	rjmp	.+6      	; 0x5ee <twi_read+0x4e>
        return false;
    }

    if (acknowledge) {
        if (twi_status() != TWI_MR_DATA_ACK_STATUS) {
            return false;
     5e8:	c0 e0       	ldi	r28, 0x00	; 0
     5ea:	01 c0       	rjmp	.+2      	; 0x5ee <twi_read+0x4e>
        }
    } else if (twi_status() != TWI_MR_DATA_NACK_STATUS) {
        return false;
     5ec:	c0 e0       	ldi	r28, 0x00	; 0
    }

    *data = TWDR;
    return true;
}
     5ee:	8c 2f       	mov	r24, r28
     5f0:	df 91       	pop	r29
     5f2:	cf 91       	pop	r28
     5f4:	1f 91       	pop	r17
     5f6:	0f 91       	pop	r16
     5f8:	08 95       	ret

000005fa <twi_stop>:

static void twi_stop(void)
{
    TWCR = (1 << TWINT) | (1 << TWSTO) | (1 << TWEN) |
     5fa:	85 ed       	ldi	r24, 0xD5	; 213
     5fc:	80 93 bc 00 	sts	0x00BC, r24	; 0x8000bc <__TEXT_REGION_LENGTH__+0x7f80bc>
     600:	08 95       	ret

00000602 <apds_write_register>:
           (1 << TWEA) | (1 << TWIE);
}

static bool apds_write_register(uint8_t reg, uint8_t value)
{
     602:	1f 93       	push	r17
     604:	cf 93       	push	r28
     606:	df 93       	push	r29
     608:	d8 2f       	mov	r29, r24
     60a:	16 2f       	mov	r17, r22
    if (!twi_start((uint8_t)(APDS9960_ADDR << 1))) {
     60c:	82 e7       	ldi	r24, 0x72	; 114
     60e:	0e 94 94 02 	call	0x528	; 0x528 <twi_start>
     612:	c8 2f       	mov	r28, r24
     614:	88 23       	and	r24, r24
     616:	89 f0       	breq	.+34     	; 0x63a <apds_write_register+0x38>
        return false;
    }

    if (!twi_write(reg) || !twi_write(value)) {
     618:	8d 2f       	mov	r24, r29
     61a:	0e 94 be 02 	call	0x57c	; 0x57c <twi_write>
     61e:	88 23       	and	r24, r24
     620:	31 f0       	breq	.+12     	; 0x62e <apds_write_register+0x2c>
     622:	81 2f       	mov	r24, r17
     624:	0e 94 be 02 	call	0x57c	; 0x57c <twi_write>
     628:	c8 2f       	mov	r28, r24
     62a:	81 11       	cpse	r24, r1
     62c:	04 c0       	rjmp	.+8      	; 0x636 <apds_write_register+0x34>
        twi_stop();
     62e:	0e 94 fd 02 	call	0x5fa	; 0x5fa <twi_stop>
        return false;
     632:	c0 e0       	ldi	r28, 0x00	; 0
     634:	02 c0       	rjmp	.+4      	; 0x63a <apds_write_register+0x38>
    }

    twi_stop();
     636:	0e 94 fd 02 	call	0x5fa	; 0x5fa <twi_stop>
    return true;
}
     63a:	8c 2f       	mov	r24, r28
     63c:	df 91       	pop	r29
     63e:	cf 91       	pop	r28
     640:	1f 91       	pop	r17
     642:	08 95       	ret

00000644 <apds_read_bytes>:

static bool apds_read_bytes(uint8_t reg, uint8_t *data, uint8_t length)
{
     644:	ef 92       	push	r14
     646:	ff 92       	push	r15
     648:	0f 93       	push	r16
     64a:	1f 93       	push	r17
     64c:	cf 93       	push	r28
     64e:	df 93       	push	r29
    uint8_t i;

    if ((data == NULL) || (length == 0U)) {
     650:	61 15       	cp	r22, r1
     652:	71 05       	cpc	r23, r1
     654:	b9 f1       	breq	.+110    	; 0x6c4 <apds_read_bytes+0x80>
     656:	44 23       	and	r20, r20
     658:	b9 f1       	breq	.+110    	; 0x6c8 <apds_read_bytes+0x84>
     65a:	c4 2f       	mov	r28, r20
     65c:	7b 01       	movw	r14, r22
     65e:	d8 2f       	mov	r29, r24
        return false;
    }

    if (!twi_start((uint8_t)(APDS9960_ADDR << 1))) {
     660:	82 e7       	ldi	r24, 0x72	; 114
     662:	0e 94 94 02 	call	0x528	; 0x528 <twi_start>
     666:	18 2f       	mov	r17, r24
     668:	88 23       	and	r24, r24
     66a:	79 f1       	breq	.+94     	; 0x6ca <apds_read_bytes+0x86>
        return false;
    }

    if (!twi_write(reg)) {
     66c:	8d 2f       	mov	r24, r29
     66e:	0e 94 be 02 	call	0x57c	; 0x57c <twi_write>
     672:	18 2f       	mov	r17, r24
     674:	81 11       	cpse	r24, r1
     676:	03 c0       	rjmp	.+6      	; 0x67e <apds_read_bytes+0x3a>
        twi_stop();
     678:	0e 94 fd 02 	call	0x5fa	; 0x5fa <twi_stop>
        return false;
     67c:	26 c0       	rjmp	.+76     	; 0x6ca <apds_read_bytes+0x86>
    }

    if (!twi_start((uint8_t)((APDS9960_ADDR << 1) | 1U))) {
     67e:	83 e7       	ldi	r24, 0x73	; 115
     680:	0e 94 94 02 	call	0x528	; 0x528 <twi_start>
     684:	18 2f       	mov	r17, r24
     686:	81 11       	cpse	r24, r1
     688:	17 c0       	rjmp	.+46     	; 0x6b8 <apds_read_bytes+0x74>
        twi_stop();
     68a:	0e 94 fd 02 	call	0x5fa	; 0x5fa <twi_stop>
        return false;
     68e:	1d c0       	rjmp	.+58     	; 0x6ca <apds_read_bytes+0x86>
    }

    for (i = 0U; i < length; i++) {
        if (!twi_read(&data[i], i < (uint8_t)(length - 1U))) {
     690:	61 e0       	ldi	r22, 0x01	; 1
     692:	8f ef       	ldi	r24, 0xFF	; 255
     694:	8c 0f       	add	r24, r28
     696:	d8 17       	cp	r29, r24
     698:	08 f0       	brcs	.+2      	; 0x69c <apds_read_bytes+0x58>
     69a:	60 e0       	ldi	r22, 0x00	; 0
     69c:	c7 01       	movw	r24, r14
     69e:	8d 0f       	add	r24, r29
     6a0:	91 1d       	adc	r25, r1
     6a2:	0e 94 d0 02 	call	0x5a0	; 0x5a0 <twi_read>
     6a6:	08 2f       	mov	r16, r24
     6a8:	81 11       	cpse	r24, r1
     6aa:	04 c0       	rjmp	.+8      	; 0x6b4 <apds_read_bytes+0x70>
            twi_stop();
     6ac:	0e 94 fd 02 	call	0x5fa	; 0x5fa <twi_stop>
            return false;
     6b0:	10 2f       	mov	r17, r16
     6b2:	0b c0       	rjmp	.+22     	; 0x6ca <apds_read_bytes+0x86>
    if (!twi_start((uint8_t)((APDS9960_ADDR << 1) | 1U))) {
        twi_stop();
        return false;
    }

    for (i = 0U; i < length; i++) {
     6b4:	df 5f       	subi	r29, 0xFF	; 255
     6b6:	01 c0       	rjmp	.+2      	; 0x6ba <apds_read_bytes+0x76>
     6b8:	d0 e0       	ldi	r29, 0x00	; 0
     6ba:	dc 17       	cp	r29, r28
     6bc:	48 f3       	brcs	.-46     	; 0x690 <apds_read_bytes+0x4c>
            twi_stop();
            return false;
        }
    }

    twi_stop();
     6be:	0e 94 fd 02 	call	0x5fa	; 0x5fa <twi_stop>
    return true;
     6c2:	03 c0       	rjmp	.+6      	; 0x6ca <apds_read_bytes+0x86>
static bool apds_read_bytes(uint8_t reg, uint8_t *data, uint8_t length)
{
    uint8_t i;

    if ((data == NULL) || (length == 0U)) {
        return false;
     6c4:	10 e0       	ldi	r17, 0x00	; 0
     6c6:	01 c0       	rjmp	.+2      	; 0x6ca <apds_read_bytes+0x86>
     6c8:	10 e0       	ldi	r17, 0x00	; 0
        }
    }

    twi_stop();
    return true;
}
     6ca:	81 2f       	mov	r24, r17
     6cc:	df 91       	pop	r29
     6ce:	cf 91       	pop	r28
     6d0:	1f 91       	pop	r17
     6d2:	0f 91       	pop	r16
     6d4:	ff 90       	pop	r15
     6d6:	ef 90       	pop	r14
     6d8:	08 95       	ret

000006da <apds_read_register>:

static bool apds_read_register(uint8_t reg, uint8_t *value)
{
    return apds_read_bytes(reg, value, 1U);
     6da:	41 e0       	ldi	r20, 0x01	; 1
     6dc:	0e 94 22 03 	call	0x644	; 0x644 <apds_read_bytes>
}
     6e0:	08 95       	ret

000006e2 <apds9960_read_rgbc>:

static bool apds9960_read_rgbc(uint16_t *clear,
                               uint16_t *red,
                               uint16_t *green,
                               uint16_t *blue)
{
     6e2:	af 92       	push	r10
     6e4:	bf 92       	push	r11
     6e6:	cf 92       	push	r12
     6e8:	df 92       	push	r13
     6ea:	ef 92       	push	r14
     6ec:	ff 92       	push	r15
     6ee:	0f 93       	push	r16
     6f0:	1f 93       	push	r17
     6f2:	cf 93       	push	r28
     6f4:	df 93       	push	r29
     6f6:	cd b7       	in	r28, 0x3d	; 61
     6f8:	de b7       	in	r29, 0x3e	; 62
     6fa:	29 97       	sbiw	r28, 0x09	; 9
     6fc:	0f b6       	in	r0, 0x3f	; 63
     6fe:	f8 94       	cli
     700:	de bf       	out	0x3e, r29	; 62
     702:	0f be       	out	0x3f, r0	; 63
     704:	cd bf       	out	0x3d, r28	; 61
     706:	5c 01       	movw	r10, r24
     708:	6b 01       	movw	r12, r22
     70a:	7a 01       	movw	r14, r20
     70c:	89 01       	movw	r16, r18
    uint8_t status;
    uint8_t data[8];

    if (!apds_read_register(APDS_STATUS, &status)) {
     70e:	be 01       	movw	r22, r28
     710:	6f 5f       	subi	r22, 0xFF	; 255
     712:	7f 4f       	sbci	r23, 0xFF	; 255
     714:	83 e9       	ldi	r24, 0x93	; 147
     716:	0e 94 6d 03 	call	0x6da	; 0x6da <apds_read_register>
     71a:	88 23       	and	r24, r24
     71c:	91 f1       	breq	.+100    	; 0x782 <apds9960_read_rgbc+0xa0>
        return false;
    }

    if ((status & 0x01U) == 0U) {
     71e:	89 81       	ldd	r24, Y+1	; 0x01
     720:	80 ff       	sbrs	r24, 0
     722:	2e c0       	rjmp	.+92     	; 0x780 <apds9960_read_rgbc+0x9e>
        return false;
    }

    if (!apds_read_bytes(APDS_CDATAL, data, sizeof(data))) {
     724:	48 e0       	ldi	r20, 0x08	; 8
     726:	be 01       	movw	r22, r28
     728:	6e 5f       	subi	r22, 0xFE	; 254
     72a:	7f 4f       	sbci	r23, 0xFF	; 255
     72c:	84 e9       	ldi	r24, 0x94	; 148
     72e:	0e 94 22 03 	call	0x644	; 0x644 <apds_read_bytes>
     732:	88 23       	and	r24, r24
     734:	31 f1       	breq	.+76     	; 0x782 <apds9960_read_rgbc+0xa0>
        return false;
    }

    *clear = (uint16_t)data[0] | ((uint16_t)data[1] << 8);
     736:	9a 81       	ldd	r25, Y+2	; 0x02
     738:	2b 81       	ldd	r18, Y+3	; 0x03
     73a:	30 e0       	ldi	r19, 0x00	; 0
     73c:	32 2f       	mov	r19, r18
     73e:	22 27       	eor	r18, r18
     740:	29 2b       	or	r18, r25
     742:	f5 01       	movw	r30, r10
     744:	31 83       	std	Z+1, r19	; 0x01
     746:	20 83       	st	Z, r18
    *red   = (uint16_t)data[2] | ((uint16_t)data[3] << 8);
     748:	9c 81       	ldd	r25, Y+4	; 0x04
     74a:	2d 81       	ldd	r18, Y+5	; 0x05
     74c:	30 e0       	ldi	r19, 0x00	; 0
     74e:	32 2f       	mov	r19, r18
     750:	22 27       	eor	r18, r18
     752:	29 2b       	or	r18, r25
     754:	f6 01       	movw	r30, r12
     756:	31 83       	std	Z+1, r19	; 0x01
     758:	20 83       	st	Z, r18
    *green = (uint16_t)data[4] | ((uint16_t)data[5] << 8);
     75a:	9e 81       	ldd	r25, Y+6	; 0x06
     75c:	2f 81       	ldd	r18, Y+7	; 0x07
     75e:	30 e0       	ldi	r19, 0x00	; 0
     760:	32 2f       	mov	r19, r18
     762:	22 27       	eor	r18, r18
     764:	29 2b       	or	r18, r25
     766:	f7 01       	movw	r30, r14
     768:	31 83       	std	Z+1, r19	; 0x01
     76a:	20 83       	st	Z, r18
    *blue  = (uint16_t)data[6] | ((uint16_t)data[7] << 8);
     76c:	98 85       	ldd	r25, Y+8	; 0x08
     76e:	29 85       	ldd	r18, Y+9	; 0x09
     770:	30 e0       	ldi	r19, 0x00	; 0
     772:	32 2f       	mov	r19, r18
     774:	22 27       	eor	r18, r18
     776:	29 2b       	or	r18, r25
     778:	f8 01       	movw	r30, r16
     77a:	31 83       	std	Z+1, r19	; 0x01
     77c:	20 83       	st	Z, r18

    return true;
     77e:	01 c0       	rjmp	.+2      	; 0x782 <apds9960_read_rgbc+0xa0>
    if (!apds_read_register(APDS_STATUS, &status)) {
        return false;
    }

    if ((status & 0x01U) == 0U) {
        return false;
     780:	80 e0       	ldi	r24, 0x00	; 0
    *red   = (uint16_t)data[2] | ((uint16_t)data[3] << 8);
    *green = (uint16_t)data[4] | ((uint16_t)data[5] << 8);
    *blue  = (uint16_t)data[6] | ((uint16_t)data[7] << 8);

    return true;
}
     782:	29 96       	adiw	r28, 0x09	; 9
     784:	0f b6       	in	r0, 0x3f	; 63
     786:	f8 94       	cli
     788:	de bf       	out	0x3e, r29	; 62
     78a:	0f be       	out	0x3f, r0	; 63
     78c:	cd bf       	out	0x3d, r28	; 61
     78e:	df 91       	pop	r29
     790:	cf 91       	pop	r28
     792:	1f 91       	pop	r17
     794:	0f 91       	pop	r16
     796:	ff 90       	pop	r15
     798:	ef 90       	pop	r14
     79a:	df 90       	pop	r13
     79c:	cf 90       	pop	r12
     79e:	bf 90       	pop	r11
     7a0:	af 90       	pop	r10
     7a2:	08 95       	ret

000007a4 <classify_color>:

static detected_color_t classify_color(uint16_t clear,
                                       uint16_t red,
                                       uint16_t green,
                                       uint16_t blue)
{
     7a4:	4f 92       	push	r4
     7a6:	5f 92       	push	r5
     7a8:	6f 92       	push	r6
     7aa:	7f 92       	push	r7
     7ac:	8f 92       	push	r8
     7ae:	9f 92       	push	r9
     7b0:	af 92       	push	r10
     7b2:	bf 92       	push	r11
     7b4:	cf 92       	push	r12
     7b6:	df 92       	push	r13
     7b8:	ef 92       	push	r14
     7ba:	ff 92       	push	r15
     7bc:	0f 93       	push	r16
     7be:	1f 93       	push	r17
     7c0:	cf 93       	push	r28
     7c2:	df 93       	push	r29
     7c4:	fb 01       	movw	r30, r22
     7c6:	8a 01       	movw	r16, r20
     7c8:	e9 01       	movw	r28, r18
    if (clear < COLOR_MIN_CLEAR) {
     7ca:	86 39       	cpi	r24, 0x96	; 150
     7cc:	91 05       	cpc	r25, r1
     7ce:	a0 f1       	brcs	.+104    	; 0x838 <__DATA_REGION_LENGTH__+0x38>
        return COLOR_NONE;
    }

    if (((uint32_t)red * 100UL > (uint32_t)blue * COLOR_DOMINANCE_PERCENT) &&
     7d0:	6b 01       	movw	r12, r22
     7d2:	e1 2c       	mov	r14, r1
     7d4:	f1 2c       	mov	r15, r1
     7d6:	a4 e6       	ldi	r26, 0x64	; 100
     7d8:	b0 e0       	ldi	r27, 0x00	; 0
     7da:	a7 01       	movw	r20, r14
     7dc:	96 01       	movw	r18, r12
     7de:	0e 94 7a 08 	call	0x10f4	; 0x10f4 <__muluhisi3>
     7e2:	2b 01       	movw	r4, r22
     7e4:	3c 01       	movw	r6, r24
     7e6:	4e 01       	movw	r8, r28
     7e8:	a1 2c       	mov	r10, r1
     7ea:	b1 2c       	mov	r11, r1
     7ec:	ad e7       	ldi	r26, 0x7D	; 125
     7ee:	b0 e0       	ldi	r27, 0x00	; 0
     7f0:	a5 01       	movw	r20, r10
     7f2:	94 01       	movw	r18, r8
     7f4:	0e 94 7a 08 	call	0x10f4	; 0x10f4 <__muluhisi3>
     7f8:	64 15       	cp	r22, r4
     7fa:	75 05       	cpc	r23, r5
     7fc:	86 05       	cpc	r24, r6
     7fe:	97 05       	cpc	r25, r7
     800:	18 f4       	brcc	.+6      	; 0x808 <__DATA_REGION_LENGTH__+0x8>
     802:	0e 17       	cp	r16, r30
     804:	1f 07       	cpc	r17, r31
     806:	d0 f0       	brcs	.+52     	; 0x83c <__DATA_REGION_LENGTH__+0x3c>
        (red > green)) {
        return COLOR_RED;
    }

    if (((uint32_t)blue * 100UL > (uint32_t)red * COLOR_DOMINANCE_PERCENT) &&
     808:	a4 e6       	ldi	r26, 0x64	; 100
     80a:	b0 e0       	ldi	r27, 0x00	; 0
     80c:	a5 01       	movw	r20, r10
     80e:	94 01       	movw	r18, r8
     810:	0e 94 7a 08 	call	0x10f4	; 0x10f4 <__muluhisi3>
     814:	4b 01       	movw	r8, r22
     816:	5c 01       	movw	r10, r24
     818:	ad e7       	ldi	r26, 0x7D	; 125
     81a:	b0 e0       	ldi	r27, 0x00	; 0
     81c:	a7 01       	movw	r20, r14
     81e:	96 01       	movw	r18, r12
     820:	0e 94 7a 08 	call	0x10f4	; 0x10f4 <__muluhisi3>
     824:	68 15       	cp	r22, r8
     826:	79 05       	cpc	r23, r9
     828:	8a 05       	cpc	r24, r10
     82a:	9b 05       	cpc	r25, r11
     82c:	48 f4       	brcc	.+18     	; 0x840 <__DATA_REGION_LENGTH__+0x40>
     82e:	0c 17       	cp	r16, r28
     830:	1d 07       	cpc	r17, r29
     832:	40 f0       	brcs	.+16     	; 0x844 <__DATA_REGION_LENGTH__+0x44>
        (blue > green)) {
        return COLOR_BLUE;
    }

    return COLOR_NONE;
     834:	80 e0       	ldi	r24, 0x00	; 0
     836:	07 c0       	rjmp	.+14     	; 0x846 <__DATA_REGION_LENGTH__+0x46>
                                       uint16_t red,
                                       uint16_t green,
                                       uint16_t blue)
{
    if (clear < COLOR_MIN_CLEAR) {
        return COLOR_NONE;
     838:	80 e0       	ldi	r24, 0x00	; 0
     83a:	05 c0       	rjmp	.+10     	; 0x846 <__DATA_REGION_LENGTH__+0x46>
    }

    if (((uint32_t)red * 100UL > (uint32_t)blue * COLOR_DOMINANCE_PERCENT) &&
        (red > green)) {
        return COLOR_RED;
     83c:	81 e0       	ldi	r24, 0x01	; 1
     83e:	03 c0       	rjmp	.+6      	; 0x846 <__DATA_REGION_LENGTH__+0x46>
    if (((uint32_t)blue * 100UL > (uint32_t)red * COLOR_DOMINANCE_PERCENT) &&
        (blue > green)) {
        return COLOR_BLUE;
    }

    return COLOR_NONE;
     840:	80 e0       	ldi	r24, 0x00	; 0
     842:	01 c0       	rjmp	.+2      	; 0x846 <__DATA_REGION_LENGTH__+0x46>
        return COLOR_RED;
    }

    if (((uint32_t)blue * 100UL > (uint32_t)red * COLOR_DOMINANCE_PERCENT) &&
        (blue > green)) {
        return COLOR_BLUE;
     844:	82 e0       	ldi	r24, 0x02	; 2
    }

    return COLOR_NONE;
}
     846:	df 91       	pop	r29
     848:	cf 91       	pop	r28
     84a:	1f 91       	pop	r17
     84c:	0f 91       	pop	r16
     84e:	ff 90       	pop	r15
     850:	ef 90       	pop	r14
     852:	df 90       	pop	r13
     854:	cf 90       	pop	r12
     856:	bf 90       	pop	r11
     858:	af 90       	pop	r10
     85a:	9f 90       	pop	r9
     85c:	8f 90       	pop	r8
     85e:	7f 90       	pop	r7
     860:	6f 90       	pop	r6
     862:	5f 90       	pop	r5
     864:	4f 90       	pop	r4
     866:	08 95       	ret

00000868 <stepper_set_direction>:

static void stepper_set_direction(uint8_t level)
{
    if (level) {
     868:	88 23       	and	r24, r24
     86a:	21 f0       	breq	.+8      	; 0x874 <stepper_set_direction+0xc>
        PORTB |= (1 << STEPPER_DIR_BIT);
     86c:	85 b1       	in	r24, 0x05	; 5
     86e:	81 60       	ori	r24, 0x01	; 1
     870:	85 b9       	out	0x05, r24	; 5
     872:	08 95       	ret
    } else {
        PORTB &= ~(1 << STEPPER_DIR_BIT);
     874:	85 b1       	in	r24, 0x05	; 5
     876:	8e 7f       	andi	r24, 0xFE	; 254
     878:	85 b9       	out	0x05, r24	; 5
     87a:	08 95       	ret

0000087c <stepper_enable>:
    }
}

static void stepper_enable(uint8_t enabled)
{
    if (enabled) {
     87c:	88 23       	and	r24, r24
     87e:	21 f0       	breq	.+8      	; 0x888 <stepper_enable+0xc>
        PORTB &= ~(1 << STEPPER_EN_BIT);
     880:	85 b1       	in	r24, 0x05	; 5
     882:	8b 7f       	andi	r24, 0xFB	; 251
     884:	85 b9       	out	0x05, r24	; 5
     886:	08 95       	ret
    } else {
        PORTB |= (1 << STEPPER_EN_BIT);
     888:	85 b1       	in	r24, 0x05	; 5
     88a:	84 60       	ori	r24, 0x04	; 4
     88c:	85 b9       	out	0x05, r24	; 5
     88e:	08 95       	ret

00000890 <stepper_schedule>:
    }
}

static void stepper_schedule(detected_color_t color, uint32_t now)
{
    if ((stepper_state != STEPPER_IDLE) ||
     890:	90 91 0e 03 	lds	r25, 0x030E	; 0x80030e <stepper_state>
     894:	91 11       	cpse	r25, r1
     896:	20 c0       	rjmp	.+64     	; 0x8d8 <stepper_schedule+0x48>
        ((color != COLOR_RED) && (color != COLOR_BLUE))) {
     898:	9f ef       	ldi	r25, 0xFF	; 255
     89a:	98 0f       	add	r25, r24
    }
}

static void stepper_schedule(detected_color_t color, uint32_t now)
{
    if ((stepper_state != STEPPER_IDLE) ||
     89c:	92 30       	cpi	r25, 0x02	; 2
     89e:	e0 f4       	brcc	.+56     	; 0x8d8 <stepper_schedule+0x48>
        ((color != COLOR_RED) && (color != COLOR_BLUE))) {
        return;
    }

    stepper_color = color;
     8a0:	80 93 0d 03 	sts	0x030D, r24	; 0x80030d <stepper_color>
    stepper_state = STEPPER_WAITING;
     8a4:	91 e0       	ldi	r25, 0x01	; 1
     8a6:	90 93 0e 03 	sts	0x030E, r25	; 0x80030e <stepper_state>
    stepper_deadline_ms = now + STEPPER_WAIT_MS;
     8aa:	48 57       	subi	r20, 0x78	; 120
     8ac:	5c 4e       	sbci	r21, 0xEC	; 236
     8ae:	6f 4f       	sbci	r22, 0xFF	; 255
     8b0:	7f 4f       	sbci	r23, 0xFF	; 255
     8b2:	40 93 04 03 	sts	0x0304, r20	; 0x800304 <stepper_deadline_ms>
     8b6:	50 93 05 03 	sts	0x0305, r21	; 0x800305 <stepper_deadline_ms+0x1>
     8ba:	60 93 06 03 	sts	0x0306, r22	; 0x800306 <stepper_deadline_ms+0x2>
     8be:	70 93 07 03 	sts	0x0307, r23	; 0x800307 <stepper_deadline_ms+0x3>

    if (color == COLOR_RED) {
     8c2:	81 30       	cpi	r24, 0x01	; 1
     8c4:	29 f4       	brne	.+10     	; 0x8d0 <stepper_schedule+0x40>
        uart_puts("Rojo detectado: stepper programado.\r\n");
     8c6:	8c e5       	ldi	r24, 0x5C	; 92
     8c8:	91 e0       	ldi	r25, 0x01	; 1
     8ca:	0e 94 fc 00 	call	0x1f8	; 0x1f8 <uart_puts>
     8ce:	08 95       	ret
    } else {
        uart_puts("Azul detectado: stepper programado.\r\n");
     8d0:	82 e8       	ldi	r24, 0x82	; 130
     8d2:	91 e0       	ldi	r25, 0x01	; 1
     8d4:	0e 94 fc 00 	call	0x1f8	; 0x1f8 <uart_puts>
     8d8:	08 95       	ret

000008da <stepper_begin_move>:
}

static void stepper_begin_move(stepper_state_t new_state,
                               uint8_t direction,
                               uint32_t now)
{
     8da:	cf 92       	push	r12
     8dc:	df 92       	push	r13
     8de:	ef 92       	push	r14
     8e0:	ff 92       	push	r15
     8e2:	cf 93       	push	r28
     8e4:	c8 2f       	mov	r28, r24
     8e6:	86 2f       	mov	r24, r22
     8e8:	69 01       	movw	r12, r18
     8ea:	7a 01       	movw	r14, r20
    stepper_out_direction = direction;
     8ec:	60 93 fa 02 	sts	0x02FA, r22	; 0x8002fa <stepper_out_direction>
    stepper_set_direction(direction);
     8f0:	0e 94 34 04 	call	0x868	; 0x868 <stepper_set_direction>
    stepper_enable(1U);
     8f4:	81 e0       	ldi	r24, 0x01	; 1
     8f6:	0e 94 3e 04 	call	0x87c	; 0x87c <stepper_enable>

    PORTD &= ~(1 << STEPPER_STEP_BIT);
     8fa:	8b b1       	in	r24, 0x0b	; 11
     8fc:	8f 77       	andi	r24, 0x7F	; 127
     8fe:	8b b9       	out	0x0b, r24	; 11
    stepper_step_high = 0U;
     900:	10 92 fb 02 	sts	0x02FB, r1	; 0x8002fb <stepper_step_high>
    stepper_steps_done = 0UL;
     904:	10 92 fc 02 	sts	0x02FC, r1	; 0x8002fc <stepper_steps_done>
     908:	10 92 fd 02 	sts	0x02FD, r1	; 0x8002fd <stepper_steps_done+0x1>
     90c:	10 92 fe 02 	sts	0x02FE, r1	; 0x8002fe <stepper_steps_done+0x2>
     910:	10 92 ff 02 	sts	0x02FF, r1	; 0x8002ff <stepper_steps_done+0x3>
    stepper_next_toggle_ms = now + 1UL;
     914:	8f ef       	ldi	r24, 0xFF	; 255
     916:	c8 1a       	sub	r12, r24
     918:	d8 0a       	sbc	r13, r24
     91a:	e8 0a       	sbc	r14, r24
     91c:	f8 0a       	sbc	r15, r24
     91e:	c0 92 00 03 	sts	0x0300, r12	; 0x800300 <stepper_next_toggle_ms>
     922:	d0 92 01 03 	sts	0x0301, r13	; 0x800301 <stepper_next_toggle_ms+0x1>
     926:	e0 92 02 03 	sts	0x0302, r14	; 0x800302 <stepper_next_toggle_ms+0x2>
     92a:	f0 92 03 03 	sts	0x0303, r15	; 0x800303 <stepper_next_toggle_ms+0x3>
    stepper_state = new_state;
     92e:	c0 93 0e 03 	sts	0x030E, r28	; 0x80030e <stepper_state>
}
     932:	cf 91       	pop	r28
     934:	ff 90       	pop	r15
     936:	ef 90       	pop	r14
     938:	df 90       	pop	r13
     93a:	cf 90       	pop	r12
     93c:	08 95       	ret

0000093e <stepper_finish_pulse_train>:

static void stepper_finish_pulse_train(uint32_t now)
{
    PORTD &= ~(1 << STEPPER_STEP_BIT);
     93e:	2b b1       	in	r18, 0x0b	; 11
     940:	2f 77       	andi	r18, 0x7F	; 127
     942:	2b b9       	out	0x0b, r18	; 11
    stepper_step_high = 0U;
     944:	10 92 fb 02 	sts	0x02FB, r1	; 0x8002fb <stepper_step_high>

    if (stepper_state == STEPPER_MOVING_OUT) {
     948:	20 91 0e 03 	lds	r18, 0x030E	; 0x80030e <stepper_state>
     94c:	22 30       	cpi	r18, 0x02	; 2
     94e:	b1 f4       	brne	.+44     	; 0x97c <stepper_finish_pulse_train+0x3e>
        stepper_state = STEPPER_HOLDING;
     950:	23 e0       	ldi	r18, 0x03	; 3
     952:	20 93 0e 03 	sts	0x030E, r18	; 0x80030e <stepper_state>
        stepper_deadline_ms = now + STEPPER_HOLD_MS;
     956:	ab 01       	movw	r20, r22
     958:	bc 01       	movw	r22, r24
     95a:	48 51       	subi	r20, 0x18	; 24
     95c:	5c 4f       	sbci	r21, 0xFC	; 252
     95e:	6f 4f       	sbci	r22, 0xFF	; 255
     960:	7f 4f       	sbci	r23, 0xFF	; 255
     962:	40 93 04 03 	sts	0x0304, r20	; 0x800304 <stepper_deadline_ms>
     966:	50 93 05 03 	sts	0x0305, r21	; 0x800305 <stepper_deadline_ms+0x1>
     96a:	60 93 06 03 	sts	0x0306, r22	; 0x800306 <stepper_deadline_ms+0x2>
     96e:	70 93 07 03 	sts	0x0307, r23	; 0x800307 <stepper_deadline_ms+0x3>
        uart_puts("Stepper llego a 90 grados.\r\n");
     972:	88 ea       	ldi	r24, 0xA8	; 168
     974:	91 e0       	ldi	r25, 0x01	; 1
     976:	0e 94 fc 00 	call	0x1f8	; 0x1f8 <uart_puts>
     97a:	08 95       	ret
    } else {
#if STEPPER_DISABLE_AT_HOME
        stepper_enable(0U);
     97c:	80 e0       	ldi	r24, 0x00	; 0
     97e:	0e 94 3e 04 	call	0x87c	; 0x87c <stepper_enable>
#endif
        stepper_state = STEPPER_IDLE;
     982:	10 92 0e 03 	sts	0x030E, r1	; 0x80030e <stepper_state>
        stepper_color = COLOR_NONE;
     986:	10 92 0d 03 	sts	0x030D, r1	; 0x80030d <stepper_color>
        uart_puts("Stepper regreso al origen.\r\n");
     98a:	85 ec       	ldi	r24, 0xC5	; 197
     98c:	91 e0       	ldi	r25, 0x01	; 1
     98e:	0e 94 fc 00 	call	0x1f8	; 0x1f8 <uart_puts>
     992:	08 95       	ret

00000994 <stepper_generate_pulses>:
    }
}

static void stepper_generate_pulses(uint32_t now)
{
     994:	8f 92       	push	r8
     996:	9f 92       	push	r9
     998:	af 92       	push	r10
     99a:	bf 92       	push	r11
     99c:	cf 92       	push	r12
     99e:	df 92       	push	r13
     9a0:	ef 92       	push	r14
     9a2:	ff 92       	push	r15
     9a4:	4b 01       	movw	r8, r22
     9a6:	5c 01       	movw	r10, r24
    if (!time_reached(now, stepper_next_toggle_ms)) {
     9a8:	c0 90 00 03 	lds	r12, 0x0300	; 0x800300 <stepper_next_toggle_ms>
     9ac:	d0 90 01 03 	lds	r13, 0x0301	; 0x800301 <stepper_next_toggle_ms+0x1>
     9b0:	e0 90 02 03 	lds	r14, 0x0302	; 0x800302 <stepper_next_toggle_ms+0x2>
     9b4:	f0 90 03 03 	lds	r15, 0x0303	; 0x800303 <stepper_next_toggle_ms+0x3>
     9b8:	a7 01       	movw	r20, r14
     9ba:	96 01       	movw	r18, r12
     9bc:	0e 94 b8 00 	call	0x170	; 0x170 <time_reached>
     9c0:	88 23       	and	r24, r24
     9c2:	09 f4       	brne	.+2      	; 0x9c6 <stepper_generate_pulses+0x32>
     9c4:	40 c0       	rjmp	.+128    	; 0xa46 <stepper_generate_pulses+0xb2>
        return;
    }

    stepper_next_toggle_ms += STEPPER_HALF_PERIOD_MS;
     9c6:	82 e0       	ldi	r24, 0x02	; 2
     9c8:	c8 0e       	add	r12, r24
     9ca:	d1 1c       	adc	r13, r1
     9cc:	e1 1c       	adc	r14, r1
     9ce:	f1 1c       	adc	r15, r1
     9d0:	c0 92 00 03 	sts	0x0300, r12	; 0x800300 <stepper_next_toggle_ms>
     9d4:	d0 92 01 03 	sts	0x0301, r13	; 0x800301 <stepper_next_toggle_ms+0x1>
     9d8:	e0 92 02 03 	sts	0x0302, r14	; 0x800302 <stepper_next_toggle_ms+0x2>
     9dc:	f0 92 03 03 	sts	0x0303, r15	; 0x800303 <stepper_next_toggle_ms+0x3>

    if (stepper_step_high) {
     9e0:	80 91 fb 02 	lds	r24, 0x02FB	; 0x8002fb <stepper_step_high>
     9e4:	88 23       	and	r24, r24
     9e6:	b1 f0       	breq	.+44     	; 0xa14 <stepper_generate_pulses+0x80>
        PORTD &= ~(1 << STEPPER_STEP_BIT);
     9e8:	8b b1       	in	r24, 0x0b	; 11
     9ea:	8f 77       	andi	r24, 0x7F	; 127
     9ec:	8b b9       	out	0x0b, r24	; 11
        stepper_step_high = 0U;
     9ee:	10 92 fb 02 	sts	0x02FB, r1	; 0x8002fb <stepper_step_high>

        if (stepper_steps_done >= STEPPER_STEPS_90) {
     9f2:	80 91 fc 02 	lds	r24, 0x02FC	; 0x8002fc <stepper_steps_done>
     9f6:	90 91 fd 02 	lds	r25, 0x02FD	; 0x8002fd <stepper_steps_done+0x1>
     9fa:	a0 91 fe 02 	lds	r26, 0x02FE	; 0x8002fe <stepper_steps_done+0x2>
     9fe:	b0 91 ff 02 	lds	r27, 0x02FF	; 0x8002ff <stepper_steps_done+0x3>
     a02:	c2 97       	sbiw	r24, 0x32	; 50
     a04:	a1 05       	cpc	r26, r1
     a06:	b1 05       	cpc	r27, r1
     a08:	f0 f0       	brcs	.+60     	; 0xa46 <stepper_generate_pulses+0xb2>
            stepper_finish_pulse_train(now);
     a0a:	c5 01       	movw	r24, r10
     a0c:	b4 01       	movw	r22, r8
     a0e:	0e 94 9f 04 	call	0x93e	; 0x93e <stepper_finish_pulse_train>
     a12:	19 c0       	rjmp	.+50     	; 0xa46 <stepper_generate_pulses+0xb2>
        }
    } else {
        PORTD |= (1 << STEPPER_STEP_BIT);
     a14:	8b b1       	in	r24, 0x0b	; 11
     a16:	80 68       	ori	r24, 0x80	; 128
     a18:	8b b9       	out	0x0b, r24	; 11
        stepper_step_high = 1U;
     a1a:	81 e0       	ldi	r24, 0x01	; 1
     a1c:	80 93 fb 02 	sts	0x02FB, r24	; 0x8002fb <stepper_step_high>
        stepper_steps_done++;
     a20:	80 91 fc 02 	lds	r24, 0x02FC	; 0x8002fc <stepper_steps_done>
     a24:	90 91 fd 02 	lds	r25, 0x02FD	; 0x8002fd <stepper_steps_done+0x1>
     a28:	a0 91 fe 02 	lds	r26, 0x02FE	; 0x8002fe <stepper_steps_done+0x2>
     a2c:	b0 91 ff 02 	lds	r27, 0x02FF	; 0x8002ff <stepper_steps_done+0x3>
     a30:	01 96       	adiw	r24, 0x01	; 1
     a32:	a1 1d       	adc	r26, r1
     a34:	b1 1d       	adc	r27, r1
     a36:	80 93 fc 02 	sts	0x02FC, r24	; 0x8002fc <stepper_steps_done>
     a3a:	90 93 fd 02 	sts	0x02FD, r25	; 0x8002fd <stepper_steps_done+0x1>
     a3e:	a0 93 fe 02 	sts	0x02FE, r26	; 0x8002fe <stepper_steps_done+0x2>
     a42:	b0 93 ff 02 	sts	0x02FF, r27	; 0x8002ff <stepper_steps_done+0x3>
    }
}
     a46:	ff 90       	pop	r15
     a48:	ef 90       	pop	r14
     a4a:	df 90       	pop	r13
     a4c:	cf 90       	pop	r12
     a4e:	bf 90       	pop	r11
     a50:	af 90       	pop	r10
     a52:	9f 90       	pop	r9
     a54:	8f 90       	pop	r8
     a56:	08 95       	ret

00000a58 <stepper_service>:

static void stepper_service(uint32_t now)
{
     a58:	cf 92       	push	r12
     a5a:	df 92       	push	r13
     a5c:	ef 92       	push	r14
     a5e:	ff 92       	push	r15
     a60:	6b 01       	movw	r12, r22
     a62:	7c 01       	movw	r14, r24
    switch (stepper_state) {
     a64:	80 91 0e 03 	lds	r24, 0x030E	; 0x80030e <stepper_state>
     a68:	82 30       	cpi	r24, 0x02	; 2
     a6a:	39 f1       	breq	.+78     	; 0xaba <stepper_service+0x62>
     a6c:	18 f4       	brcc	.+6      	; 0xa74 <stepper_service+0x1c>
     a6e:	81 30       	cpi	r24, 0x01	; 1
     a70:	31 f0       	breq	.+12     	; 0xa7e <stepper_service+0x26>
     a72:	44 c0       	rjmp	.+136    	; 0xafc <stepper_service+0xa4>
     a74:	83 30       	cpi	r24, 0x03	; 3
     a76:	31 f1       	breq	.+76     	; 0xac4 <stepper_service+0x6c>
     a78:	84 30       	cpi	r24, 0x04	; 4
     a7a:	f9 f0       	breq	.+62     	; 0xaba <stepper_service+0x62>
     a7c:	3f c0       	rjmp	.+126    	; 0xafc <stepper_service+0xa4>
    case STEPPER_WAITING:
        if (time_reached(now, stepper_deadline_ms)) {
     a7e:	20 91 04 03 	lds	r18, 0x0304	; 0x800304 <stepper_deadline_ms>
     a82:	30 91 05 03 	lds	r19, 0x0305	; 0x800305 <stepper_deadline_ms+0x1>
     a86:	40 91 06 03 	lds	r20, 0x0306	; 0x800306 <stepper_deadline_ms+0x2>
     a8a:	50 91 07 03 	lds	r21, 0x0307	; 0x800307 <stepper_deadline_ms+0x3>
     a8e:	c7 01       	movw	r24, r14
     a90:	b6 01       	movw	r22, r12
     a92:	0e 94 b8 00 	call	0x170	; 0x170 <time_reached>
     a96:	88 23       	and	r24, r24
     a98:	89 f1       	breq	.+98     	; 0xafc <stepper_service+0xa4>
            const uint8_t direction =
                (stepper_color == COLOR_RED) ? RED_DIR_LEVEL : (uint8_t)!RED_DIR_LEVEL;
     a9a:	61 e0       	ldi	r22, 0x01	; 1
     a9c:	80 91 0d 03 	lds	r24, 0x030D	; 0x80030d <stepper_color>
     aa0:	81 30       	cpi	r24, 0x01	; 1
     aa2:	09 f0       	breq	.+2      	; 0xaa6 <stepper_service+0x4e>
     aa4:	60 e0       	ldi	r22, 0x00	; 0
            stepper_begin_move(STEPPER_MOVING_OUT, direction, now);
     aa6:	a7 01       	movw	r20, r14
     aa8:	96 01       	movw	r18, r12
     aaa:	82 e0       	ldi	r24, 0x02	; 2
     aac:	0e 94 6d 04 	call	0x8da	; 0x8da <stepper_begin_move>
            uart_puts("Stepper inicia movimiento de salida.\r\n");
     ab0:	82 ee       	ldi	r24, 0xE2	; 226
     ab2:	91 e0       	ldi	r25, 0x01	; 1
     ab4:	0e 94 fc 00 	call	0x1f8	; 0x1f8 <uart_puts>
     ab8:	21 c0       	rjmp	.+66     	; 0xafc <stepper_service+0xa4>
        }
        break;

    case STEPPER_MOVING_OUT:
    case STEPPER_MOVING_HOME:
        stepper_generate_pulses(now);
     aba:	c7 01       	movw	r24, r14
     abc:	b6 01       	movw	r22, r12
     abe:	0e 94 ca 04 	call	0x994	; 0x994 <stepper_generate_pulses>
        break;
     ac2:	1c c0       	rjmp	.+56     	; 0xafc <stepper_service+0xa4>

    case STEPPER_HOLDING:
        if (time_reached(now, stepper_deadline_ms)) {
     ac4:	20 91 04 03 	lds	r18, 0x0304	; 0x800304 <stepper_deadline_ms>
     ac8:	30 91 05 03 	lds	r19, 0x0305	; 0x800305 <stepper_deadline_ms+0x1>
     acc:	40 91 06 03 	lds	r20, 0x0306	; 0x800306 <stepper_deadline_ms+0x2>
     ad0:	50 91 07 03 	lds	r21, 0x0307	; 0x800307 <stepper_deadline_ms+0x3>
     ad4:	c7 01       	movw	r24, r14
     ad6:	b6 01       	movw	r22, r12
     ad8:	0e 94 b8 00 	call	0x170	; 0x170 <time_reached>
     adc:	88 23       	and	r24, r24
     ade:	71 f0       	breq	.+28     	; 0xafc <stepper_service+0xa4>
            stepper_begin_move(STEPPER_MOVING_HOME,
     ae0:	61 e0       	ldi	r22, 0x01	; 1
     ae2:	80 91 fa 02 	lds	r24, 0x02FA	; 0x8002fa <stepper_out_direction>
     ae6:	81 11       	cpse	r24, r1
     ae8:	60 e0       	ldi	r22, 0x00	; 0
     aea:	a7 01       	movw	r20, r14
     aec:	96 01       	movw	r18, r12
     aee:	84 e0       	ldi	r24, 0x04	; 4
     af0:	0e 94 6d 04 	call	0x8da	; 0x8da <stepper_begin_move>
                               (uint8_t)!stepper_out_direction,
                               now);
            uart_puts("Stepper inicia retorno.\r\n");
     af4:	89 e0       	ldi	r24, 0x09	; 9
     af6:	92 e0       	ldi	r25, 0x02	; 2
     af8:	0e 94 fc 00 	call	0x1f8	; 0x1f8 <uart_puts>
        break;

    default:
        break;
    }
}
     afc:	ff 90       	pop	r15
     afe:	ef 90       	pop	r14
     b00:	df 90       	pop	r13
     b02:	cf 90       	pop	r12
     b04:	08 95       	ret

00000b06 <hx711_ready>:

static bool hx711_ready(void)
{
    return ((PIND & (1 << HX_DOUT_BIT)) == 0U);
     b06:	89 b1       	in	r24, 0x09	; 9
     b08:	82 95       	swap	r24
     b0a:	8f 70       	andi	r24, 0x0F	; 15
     b0c:	91 e0       	ldi	r25, 0x01	; 1
     b0e:	89 27       	eor	r24, r25
}
     b10:	81 70       	andi	r24, 0x01	; 1
     b12:	08 95       	ret

00000b14 <color_service>:
        uart_puts("\r\n");
    }
}

static void color_service(uint32_t now)
{
     b14:	8f 92       	push	r8
     b16:	9f 92       	push	r9
     b18:	af 92       	push	r10
     b1a:	bf 92       	push	r11
     b1c:	ef 92       	push	r14
     b1e:	ff 92       	push	r15
     b20:	0f 93       	push	r16
     b22:	1f 93       	push	r17
     b24:	cf 93       	push	r28
     b26:	df 93       	push	r29
     b28:	cd b7       	in	r28, 0x3d	; 61
     b2a:	de b7       	in	r29, 0x3e	; 62
     b2c:	28 97       	sbiw	r28, 0x08	; 8
     b2e:	0f b6       	in	r0, 0x3f	; 63
     b30:	f8 94       	cli
     b32:	de bf       	out	0x3e, r29	; 62
     b34:	0f be       	out	0x3f, r0	; 63
     b36:	cd bf       	out	0x3d, r28	; 61
     b38:	4b 01       	movw	r8, r22
     b3a:	5c 01       	movw	r10, r24
    uint16_t red;
    uint16_t green;
    uint16_t blue;
    detected_color_t color;

    if (!interval_elapsed(now, last_sample_ms, COLOR_SAMPLE_MS)) {
     b3c:	20 91 f1 02 	lds	r18, 0x02F1	; 0x8002f1 <last_sample_ms.2143>
     b40:	30 91 f2 02 	lds	r19, 0x02F2	; 0x8002f2 <last_sample_ms.2143+0x1>
     b44:	40 91 f3 02 	lds	r20, 0x02F3	; 0x8002f3 <last_sample_ms.2143+0x2>
     b48:	50 91 f4 02 	lds	r21, 0x02F4	; 0x8002f4 <last_sample_ms.2143+0x3>
     b4c:	16 e9       	ldi	r17, 0x96	; 150
     b4e:	e1 2e       	mov	r14, r17
     b50:	f1 2c       	mov	r15, r1
     b52:	00 e0       	ldi	r16, 0x00	; 0
     b54:	10 e0       	ldi	r17, 0x00	; 0
     b56:	0e 94 c9 00 	call	0x192	; 0x192 <interval_elapsed>
     b5a:	88 23       	and	r24, r24
     b5c:	09 f4       	brne	.+2      	; 0xb60 <color_service+0x4c>
     b5e:	6b c0       	rjmp	.+214    	; 0xc36 <color_service+0x122>
        return;
    }

    last_sample_ms = now;
     b60:	80 92 f1 02 	sts	0x02F1, r8	; 0x8002f1 <last_sample_ms.2143>
     b64:	90 92 f2 02 	sts	0x02F2, r9	; 0x8002f2 <last_sample_ms.2143+0x1>
     b68:	a0 92 f3 02 	sts	0x02F3, r10	; 0x8002f3 <last_sample_ms.2143+0x2>
     b6c:	b0 92 f4 02 	sts	0x02F4, r11	; 0x8002f4 <last_sample_ms.2143+0x3>

    if (!apds9960_read_rgbc(&clear, &red, &green, &blue)) {
     b70:	9e 01       	movw	r18, r28
     b72:	29 5f       	subi	r18, 0xF9	; 249
     b74:	3f 4f       	sbci	r19, 0xFF	; 255
     b76:	ae 01       	movw	r20, r28
     b78:	4b 5f       	subi	r20, 0xFB	; 251
     b7a:	5f 4f       	sbci	r21, 0xFF	; 255
     b7c:	be 01       	movw	r22, r28
     b7e:	6d 5f       	subi	r22, 0xFD	; 253
     b80:	7f 4f       	sbci	r23, 0xFF	; 255
     b82:	ce 01       	movw	r24, r28
     b84:	01 96       	adiw	r24, 0x01	; 1
     b86:	0e 94 71 03 	call	0x6e2	; 0x6e2 <apds9960_read_rgbc>
     b8a:	88 23       	and	r24, r24
     b8c:	09 f4       	brne	.+2      	; 0xb90 <color_service+0x7c>
     b8e:	53 c0       	rjmp	.+166    	; 0xc36 <color_service+0x122>
        return;
    }

    color = classify_color(clear, red, green, blue);
     b90:	2f 81       	ldd	r18, Y+7	; 0x07
     b92:	38 85       	ldd	r19, Y+8	; 0x08
     b94:	4d 81       	ldd	r20, Y+5	; 0x05
     b96:	5e 81       	ldd	r21, Y+6	; 0x06
     b98:	6b 81       	ldd	r22, Y+3	; 0x03
     b9a:	7c 81       	ldd	r23, Y+4	; 0x04
     b9c:	89 81       	ldd	r24, Y+1	; 0x01
     b9e:	9a 81       	ldd	r25, Y+2	; 0x02
     ba0:	0e 94 d2 03 	call	0x7a4	; 0x7a4 <classify_color>
     ba4:	18 2f       	mov	r17, r24

    if (color == COLOR_NONE) {
     ba6:	81 11       	cpse	r24, r1
     ba8:	0f c0       	rjmp	.+30     	; 0xbc8 <color_service+0xb4>
        if (no_color_samples < COLOR_REARM_SAMPLES) {
     baa:	80 91 f0 02 	lds	r24, 0x02F0	; 0x8002f0 <no_color_samples.2145>
     bae:	83 30       	cpi	r24, 0x03	; 3
     bb0:	18 f4       	brcc	.+6      	; 0xbb8 <color_service+0xa4>
            no_color_samples++;
     bb2:	8f 5f       	subi	r24, 0xFF	; 255
     bb4:	80 93 f0 02 	sts	0x02F0, r24	; 0x8002f0 <no_color_samples.2145>
        }

        if (no_color_samples >= COLOR_REARM_SAMPLES) {
     bb8:	80 91 f0 02 	lds	r24, 0x02F0	; 0x8002f0 <no_color_samples.2145>
     bbc:	83 30       	cpi	r24, 0x03	; 3
     bbe:	d8 f1       	brcs	.+118    	; 0xc36 <color_service+0x122>
            color_armed = 1U;
     bc0:	81 e0       	ldi	r24, 0x01	; 1
     bc2:	80 93 00 01 	sts	0x0100, r24	; 0x800100 <__DATA_REGION_ORIGIN__>
     bc6:	37 c0       	rjmp	.+110    	; 0xc36 <color_service+0x122>
        }
        return;
    }

    no_color_samples = 0U;
     bc8:	10 92 f0 02 	sts	0x02F0, r1	; 0x8002f0 <no_color_samples.2145>

    if (color_armed && (stepper_state == STEPPER_IDLE)) {
     bcc:	80 91 00 01 	lds	r24, 0x0100	; 0x800100 <__DATA_REGION_ORIGIN__>
     bd0:	88 23       	and	r24, r24
     bd2:	89 f1       	breq	.+98     	; 0xc36 <color_service+0x122>
     bd4:	80 91 0e 03 	lds	r24, 0x030E	; 0x80030e <stepper_state>
     bd8:	81 11       	cpse	r24, r1
     bda:	2d c0       	rjmp	.+90     	; 0xc36 <color_service+0x122>
        color_armed = 0U;
     bdc:	10 92 00 01 	sts	0x0100, r1	; 0x800100 <__DATA_REGION_ORIGIN__>
        last_color_detected = color;
     be0:	10 93 0c 03 	sts	0x030C, r17	; 0x80030c <last_color_detected>

        uart_puts("Color C=");
     be4:	83 e2       	ldi	r24, 0x23	; 35
     be6:	92 e0       	ldi	r25, 0x02	; 2
     be8:	0e 94 fc 00 	call	0x1f8	; 0x1f8 <uart_puts>
        uart_put_u16(clear);
     bec:	89 81       	ldd	r24, Y+1	; 0x01
     bee:	9a 81       	ldd	r25, Y+2	; 0x02
     bf0:	0e 94 6a 01 	call	0x2d4	; 0x2d4 <uart_put_u16>
        uart_puts(" R=");
     bf4:	8c e2       	ldi	r24, 0x2C	; 44
     bf6:	92 e0       	ldi	r25, 0x02	; 2
     bf8:	0e 94 fc 00 	call	0x1f8	; 0x1f8 <uart_puts>
        uart_put_u16(red);
     bfc:	8b 81       	ldd	r24, Y+3	; 0x03
     bfe:	9c 81       	ldd	r25, Y+4	; 0x04
     c00:	0e 94 6a 01 	call	0x2d4	; 0x2d4 <uart_put_u16>
        uart_puts(" G=");
     c04:	80 e3       	ldi	r24, 0x30	; 48
     c06:	92 e0       	ldi	r25, 0x02	; 2
     c08:	0e 94 fc 00 	call	0x1f8	; 0x1f8 <uart_puts>
        uart_put_u16(green);
     c0c:	8d 81       	ldd	r24, Y+5	; 0x05
     c0e:	9e 81       	ldd	r25, Y+6	; 0x06
     c10:	0e 94 6a 01 	call	0x2d4	; 0x2d4 <uart_put_u16>
        uart_puts(" B=");
     c14:	84 e3       	ldi	r24, 0x34	; 52
     c16:	92 e0       	ldi	r25, 0x02	; 2
     c18:	0e 94 fc 00 	call	0x1f8	; 0x1f8 <uart_puts>
        uart_put_u16(blue);
     c1c:	8f 81       	ldd	r24, Y+7	; 0x07
     c1e:	98 85       	ldd	r25, Y+8	; 0x08
     c20:	0e 94 6a 01 	call	0x2d4	; 0x2d4 <uart_put_u16>
        uart_puts("\r\n");
     c24:	8e eb       	ldi	r24, 0xBE	; 190
     c26:	92 e0       	ldi	r25, 0x02	; 2
     c28:	0e 94 fc 00 	call	0x1f8	; 0x1f8 <uart_puts>

        stepper_schedule(color, now);
     c2c:	b5 01       	movw	r22, r10
     c2e:	a4 01       	movw	r20, r8
     c30:	81 2f       	mov	r24, r17
     c32:	0e 94 48 04 	call	0x890	; 0x890 <stepper_schedule>
    }
}
     c36:	28 96       	adiw	r28, 0x08	; 8
     c38:	0f b6       	in	r0, 0x3f	; 63
     c3a:	f8 94       	cli
     c3c:	de bf       	out	0x3e, r29	; 62
     c3e:	0f be       	out	0x3f, r0	; 63
     c40:	cd bf       	out	0x3d, r28	; 61
     c42:	df 91       	pop	r29
     c44:	cf 91       	pop	r28
     c46:	1f 91       	pop	r17
     c48:	0f 91       	pop	r16
     c4a:	ff 90       	pop	r15
     c4c:	ef 90       	pop	r14
     c4e:	bf 90       	pop	r11
     c50:	af 90       	pop	r10
     c52:	9f 90       	pop	r9
     c54:	8f 90       	pop	r8
     c56:	08 95       	ret

00000c58 <i2c_update_status>:

static void i2c_update_status(uint8_t dc_motor_on)
{
     c58:	cf 92       	push	r12
     c5a:	df 92       	push	r13
     c5c:	ef 92       	push	r14
     c5e:	ff 92       	push	r15
     c60:	1f 93       	push	r17
     c62:	cf 93       	push	r28
     c64:	df 93       	push	r29
    uint32_t raw = (uint32_t)last_weight_raw;
     c66:	10 91 f5 02 	lds	r17, 0x02F5	; 0x8002f5 <last_weight_raw>
     c6a:	c1 2e       	mov	r12, r17
     c6c:	d0 90 f6 02 	lds	r13, 0x02F6	; 0x8002f6 <last_weight_raw+0x1>
     c70:	e0 90 f7 02 	lds	r14, 0x02F7	; 0x8002f7 <last_weight_raw+0x2>
     c74:	f0 90 f8 02 	lds	r15, 0x02F8	; 0x8002f8 <last_weight_raw+0x3>

    g_i2c_regs[0] = dc_motor_on;
     c78:	c0 e1       	ldi	r28, 0x10	; 16
     c7a:	d3 e0       	ldi	r29, 0x03	; 3
     c7c:	88 83       	st	Y, r24
    g_i2c_regs[1] = proximity_active_raw();
     c7e:	0e 94 78 01 	call	0x2f0	; 0x2f0 <proximity_active_raw>
     c82:	89 83       	std	Y+1, r24	; 0x01
    g_i2c_regs[2] = (uint8_t)servo_state;
     c84:	80 91 0f 03 	lds	r24, 0x030F	; 0x80030f <servo_state>
     c88:	8a 83       	std	Y+2, r24	; 0x02
    g_i2c_regs[3] = servo_angle_deg;
     c8a:	80 91 f9 02 	lds	r24, 0x02F9	; 0x8002f9 <servo_angle_deg>
     c8e:	8b 83       	std	Y+3, r24	; 0x03
    g_i2c_regs[4] = (uint8_t)last_color_detected;
     c90:	80 91 0c 03 	lds	r24, 0x030C	; 0x80030c <last_color_detected>
     c94:	8c 83       	std	Y+4, r24	; 0x04
    g_i2c_regs[5] = (uint8_t)stepper_state;
     c96:	80 91 0e 03 	lds	r24, 0x030E	; 0x80030e <stepper_state>
     c9a:	8d 83       	std	Y+5, r24	; 0x05
    g_i2c_regs[6] = (uint8_t)(raw >> 24);
     c9c:	8f 2d       	mov	r24, r15
     c9e:	99 27       	eor	r25, r25
     ca0:	aa 27       	eor	r26, r26
     ca2:	bb 27       	eor	r27, r27
     ca4:	8e 83       	std	Y+6, r24	; 0x06
    g_i2c_regs[7] = (uint8_t)(raw >> 16);
     ca6:	c7 01       	movw	r24, r14
     ca8:	aa 27       	eor	r26, r26
     caa:	bb 27       	eor	r27, r27
     cac:	8f 83       	std	Y+7, r24	; 0x07
    g_i2c_regs[8] = (uint8_t)(raw >> 8);
     cae:	cd 2c       	mov	r12, r13
     cb0:	de 2c       	mov	r13, r14
     cb2:	ef 2c       	mov	r14, r15
     cb4:	ff 24       	eor	r15, r15
     cb6:	c8 86       	std	Y+8, r12	; 0x08
    g_i2c_regs[9] = (uint8_t)(raw);
     cb8:	19 87       	std	Y+9, r17	; 0x09
}
     cba:	df 91       	pop	r29
     cbc:	cf 91       	pop	r28
     cbe:	1f 91       	pop	r17
     cc0:	ff 90       	pop	r15
     cc2:	ef 90       	pop	r14
     cc4:	df 90       	pop	r13
     cc6:	cf 90       	pop	r12
     cc8:	08 95       	ret

00000cca <apds9960_init>:
{
    return apds_read_bytes(reg, value, 1U);
}

static bool apds9960_init(void)
{
     cca:	cf 93       	push	r28
     ccc:	df 93       	push	r29
     cce:	1f 92       	push	r1
     cd0:	cd b7       	in	r28, 0x3d	; 61
     cd2:	de b7       	in	r29, 0x3e	; 62
    uint8_t id;

    if (!apds_read_register(APDS_ID, &id)) {
     cd4:	be 01       	movw	r22, r28
     cd6:	6f 5f       	subi	r22, 0xFF	; 255
     cd8:	7f 4f       	sbci	r23, 0xFF	; 255
     cda:	82 e9       	ldi	r24, 0x92	; 146
     cdc:	0e 94 6d 03 	call	0x6da	; 0x6da <apds_read_register>
     ce0:	88 23       	and	r24, r24
     ce2:	69 f1       	breq	.+90     	; 0xd3e <apds9960_init+0x74>
        return false;
    }

    uart_puts("APDS-9960 ID: ");
     ce4:	88 e3       	ldi	r24, 0x38	; 56
     ce6:	92 e0       	ldi	r25, 0x02	; 2
     ce8:	0e 94 fc 00 	call	0x1f8	; 0x1f8 <uart_puts>
    uart_put_u16(id);
     cec:	89 81       	ldd	r24, Y+1	; 0x01
     cee:	90 e0       	ldi	r25, 0x00	; 0
     cf0:	0e 94 6a 01 	call	0x2d4	; 0x2d4 <uart_put_u16>
    uart_puts("\r\n");
     cf4:	8e eb       	ldi	r24, 0xBE	; 190
     cf6:	92 e0       	ldi	r25, 0x02	; 2
     cf8:	0e 94 fc 00 	call	0x1f8	; 0x1f8 <uart_puts>

    if (!apds_write_register(APDS_ENABLE, 0x00U)) {
     cfc:	60 e0       	ldi	r22, 0x00	; 0
     cfe:	80 e8       	ldi	r24, 0x80	; 128
     d00:	0e 94 01 03 	call	0x602	; 0x602 <apds_write_register>
     d04:	88 23       	and	r24, r24
     d06:	d9 f0       	breq	.+54     	; 0xd3e <apds9960_init+0x74>
        return false;
    }

    if (!apds_write_register(APDS_ATIME, 0xDBU)) {
     d08:	6b ed       	ldi	r22, 0xDB	; 219
     d0a:	81 e8       	ldi	r24, 0x81	; 129
     d0c:	0e 94 01 03 	call	0x602	; 0x602 <apds_write_register>
     d10:	88 23       	and	r24, r24
     d12:	a9 f0       	breq	.+42     	; 0xd3e <apds9960_init+0x74>
        return false;
    }

    if (!apds_write_register(APDS_CONTROL, 0x01U)) {
     d14:	61 e0       	ldi	r22, 0x01	; 1
     d16:	8f e8       	ldi	r24, 0x8F	; 143
     d18:	0e 94 01 03 	call	0x602	; 0x602 <apds_write_register>
     d1c:	88 23       	and	r24, r24
     d1e:	79 f0       	breq	.+30     	; 0xd3e <apds9960_init+0x74>
        return false;
    }

    if (!apds_write_register(APDS_ENABLE, 0x03U)) {
     d20:	63 e0       	ldi	r22, 0x03	; 3
     d22:	80 e8       	ldi	r24, 0x80	; 128
     d24:	0e 94 01 03 	call	0x602	; 0x602 <apds_write_register>
     d28:	88 23       	and	r24, r24
     d2a:	49 f0       	breq	.+18     	; 0xd3e <apds9960_init+0x74>
	#else
		//round up by default
		__ticks_dc = (uint32_t)(ceil(fabs(__tmp)));
	#endif

	__builtin_avr_delay_cycles(__ticks_dc);
     d2c:	2f ef       	ldi	r18, 0xFF	; 255
     d2e:	3b ed       	ldi	r19, 0xDB	; 219
     d30:	95 e0       	ldi	r25, 0x05	; 5
     d32:	21 50       	subi	r18, 0x01	; 1
     d34:	30 40       	sbci	r19, 0x00	; 0
     d36:	90 40       	sbci	r25, 0x00	; 0
     d38:	e1 f7       	brne	.-8      	; 0xd32 <apds9960_init+0x68>
     d3a:	00 c0       	rjmp	.+0      	; 0xd3c <apds9960_init+0x72>
     d3c:	00 00       	nop
        return false;
    }

    _delay_ms(120);
    return true;
}
     d3e:	0f 90       	pop	r0
     d40:	df 91       	pop	r29
     d42:	cf 91       	pop	r28
     d44:	08 95       	ret

00000d46 <hx711_read_raw>:
{
    uint32_t value = 0UL;
    uint8_t i;
    uint8_t old_sreg;

    if (!hx711_ready()) {
     d46:	0e 94 83 05 	call	0xb06	; 0xb06 <hx711_ready>
     d4a:	81 11       	cpse	r24, r1
     d4c:	09 c0       	rjmp	.+18     	; 0xd60 <hx711_read_raw+0x1a>
        return last_weight_raw;
     d4e:	30 91 f5 02 	lds	r19, 0x02F5	; 0x8002f5 <last_weight_raw>
     d52:	20 91 f6 02 	lds	r18, 0x02F6	; 0x8002f6 <last_weight_raw+0x1>
     d56:	80 91 f7 02 	lds	r24, 0x02F7	; 0x8002f7 <last_weight_raw+0x2>
     d5a:	90 91 f8 02 	lds	r25, 0x02F8	; 0x8002f8 <last_weight_raw+0x3>
     d5e:	37 c0       	rjmp	.+110    	; 0xdce <hx711_read_raw+0x88>
    }

    old_sreg = SREG;
     d60:	2f b7       	in	r18, 0x3f	; 63
    cli();
     d62:	f8 94       	cli

    for (i = 0U; i < 24U; i++) {
     d64:	90 e0       	ldi	r25, 0x00	; 0
    return ((PIND & (1 << HX_DOUT_BIT)) == 0U);
}

static int32_t hx711_read_raw(void)
{
    uint32_t value = 0UL;
     d66:	40 e0       	ldi	r20, 0x00	; 0
     d68:	50 e0       	ldi	r21, 0x00	; 0
     d6a:	ba 01       	movw	r22, r20
    }

    old_sreg = SREG;
    cli();

    for (i = 0U; i < 24U; i++) {
     d6c:	19 c0       	rjmp	.+50     	; 0xda0 <hx711_read_raw+0x5a>
        PORTD |= (1 << HX_SCK_BIT);
     d6e:	8b b1       	in	r24, 0x0b	; 11
     d70:	80 62       	ori	r24, 0x20	; 32
     d72:	8b b9       	out	0x0b, r24	; 11
	#else
		//round up by default
		__ticks_dc = (uint32_t)(ceil(fabs(__tmp)));
	#endif

	__builtin_avr_delay_cycles(__ticks_dc);
     d74:	85 e0       	ldi	r24, 0x05	; 5
     d76:	8a 95       	dec	r24
     d78:	f1 f7       	brne	.-4      	; 0xd76 <hx711_read_raw+0x30>
     d7a:	00 00       	nop
        _delay_us(1);

        value <<= 1;
     d7c:	44 0f       	add	r20, r20
     d7e:	55 1f       	adc	r21, r21
     d80:	66 1f       	adc	r22, r22
     d82:	77 1f       	adc	r23, r23
        if ((PIND & (1 << HX_DOUT_BIT)) != 0U) {
     d84:	4c 9b       	sbis	0x09, 4	; 9
     d86:	04 c0       	rjmp	.+8      	; 0xd90 <hx711_read_raw+0x4a>
            value++;
     d88:	4f 5f       	subi	r20, 0xFF	; 255
     d8a:	5f 4f       	sbci	r21, 0xFF	; 255
     d8c:	6f 4f       	sbci	r22, 0xFF	; 255
     d8e:	7f 4f       	sbci	r23, 0xFF	; 255
        }

        PORTD &= ~(1 << HX_SCK_BIT);
     d90:	8b b1       	in	r24, 0x0b	; 11
     d92:	8f 7d       	andi	r24, 0xDF	; 223
     d94:	8b b9       	out	0x0b, r24	; 11
     d96:	85 e0       	ldi	r24, 0x05	; 5
     d98:	8a 95       	dec	r24
     d9a:	f1 f7       	brne	.-4      	; 0xd98 <hx711_read_raw+0x52>
     d9c:	00 00       	nop
    }

    old_sreg = SREG;
    cli();

    for (i = 0U; i < 24U; i++) {
     d9e:	9f 5f       	subi	r25, 0xFF	; 255
     da0:	98 31       	cpi	r25, 0x18	; 24
     da2:	28 f3       	brcs	.-54     	; 0xd6e <hx711_read_raw+0x28>

        PORTD &= ~(1 << HX_SCK_BIT);
        _delay_us(1);
    }

    PORTD |= (1 << HX_SCK_BIT);
     da4:	8b b1       	in	r24, 0x0b	; 11
     da6:	80 62       	ori	r24, 0x20	; 32
     da8:	8b b9       	out	0x0b, r24	; 11
     daa:	85 e0       	ldi	r24, 0x05	; 5
     dac:	8a 95       	dec	r24
     dae:	f1 f7       	brne	.-4      	; 0xdac <hx711_read_raw+0x66>
     db0:	00 00       	nop
    _delay_us(1);
    PORTD &= ~(1 << HX_SCK_BIT);
     db2:	8b b1       	in	r24, 0x0b	; 11
     db4:	8f 7d       	andi	r24, 0xDF	; 223
     db6:	8b b9       	out	0x0b, r24	; 11
     db8:	85 e0       	ldi	r24, 0x05	; 5
     dba:	8a 95       	dec	r24
     dbc:	f1 f7       	brne	.-4      	; 0xdba <hx711_read_raw+0x74>
     dbe:	00 00       	nop
    _delay_us(1);

    SREG = old_sreg;
     dc0:	2f bf       	out	0x3f, r18	; 63

    if ((value & 0x00800000UL) != 0UL) {
     dc2:	67 fd       	sbrc	r22, 7
        value |= 0xFF000000UL;
     dc4:	7f 6f       	ori	r23, 0xFF	; 255
    }

    return (int32_t)value;
     dc6:	34 2f       	mov	r19, r20
     dc8:	25 2f       	mov	r18, r21
     dca:	86 2f       	mov	r24, r22
     dcc:	97 2f       	mov	r25, r23
}
     dce:	63 2f       	mov	r22, r19
     dd0:	72 2f       	mov	r23, r18
     dd2:	08 95       	ret

00000dd4 <weight_service>:

static void weight_service(uint32_t now)
{
     dd4:	8f 92       	push	r8
     dd6:	9f 92       	push	r9
     dd8:	af 92       	push	r10
     dda:	bf 92       	push	r11
     ddc:	ef 92       	push	r14
     dde:	ff 92       	push	r15
     de0:	0f 93       	push	r16
     de2:	1f 93       	push	r17
     de4:	4b 01       	movw	r8, r22
     de6:	5c 01       	movw	r10, r24
    static uint32_t last_read_ms = 0UL;

    if (!interval_elapsed(now, last_read_ms, WEIGHT_SAMPLE_MS)) {
     de8:	20 91 ec 02 	lds	r18, 0x02EC	; 0x8002ec <__data_end>
     dec:	30 91 ed 02 	lds	r19, 0x02ED	; 0x8002ed <__data_end+0x1>
     df0:	40 91 ee 02 	lds	r20, 0x02EE	; 0x8002ee <__data_end+0x2>
     df4:	50 91 ef 02 	lds	r21, 0x02EF	; 0x8002ef <__data_end+0x3>
     df8:	1a ef       	ldi	r17, 0xFA	; 250
     dfa:	e1 2e       	mov	r14, r17
     dfc:	f1 2c       	mov	r15, r1
     dfe:	00 e0       	ldi	r16, 0x00	; 0
     e00:	10 e0       	ldi	r17, 0x00	; 0
     e02:	0e 94 c9 00 	call	0x192	; 0x192 <interval_elapsed>
     e06:	88 23       	and	r24, r24
     e08:	41 f1       	breq	.+80     	; 0xe5a <weight_service+0x86>
        return;
    }

    last_read_ms = now;
     e0a:	80 92 ec 02 	sts	0x02EC, r8	; 0x8002ec <__data_end>
     e0e:	90 92 ed 02 	sts	0x02ED, r9	; 0x8002ed <__data_end+0x1>
     e12:	a0 92 ee 02 	sts	0x02EE, r10	; 0x8002ee <__data_end+0x2>
     e16:	b0 92 ef 02 	sts	0x02EF, r11	; 0x8002ef <__data_end+0x3>

    if (hx711_ready()) {
     e1a:	0e 94 83 05 	call	0xb06	; 0xb06 <hx711_ready>
     e1e:	88 23       	and	r24, r24
     e20:	e1 f0       	breq	.+56     	; 0xe5a <weight_service+0x86>
        last_weight_raw = hx711_read_raw();
     e22:	0e 94 a3 06 	call	0xd46	; 0xd46 <hx711_read_raw>
     e26:	60 93 f5 02 	sts	0x02F5, r22	; 0x8002f5 <last_weight_raw>
     e2a:	70 93 f6 02 	sts	0x02F6, r23	; 0x8002f6 <last_weight_raw+0x1>
     e2e:	80 93 f7 02 	sts	0x02F7, r24	; 0x8002f7 <last_weight_raw+0x2>
     e32:	90 93 f8 02 	sts	0x02F8, r25	; 0x8002f8 <last_weight_raw+0x3>

        uart_puts("HX711 bruto: ");
     e36:	87 e4       	ldi	r24, 0x47	; 71
     e38:	92 e0       	ldi	r25, 0x02	; 2
     e3a:	0e 94 fc 00 	call	0x1f8	; 0x1f8 <uart_puts>
        uart_put_i32(last_weight_raw);
     e3e:	60 91 f5 02 	lds	r22, 0x02F5	; 0x8002f5 <last_weight_raw>
     e42:	70 91 f6 02 	lds	r23, 0x02F6	; 0x8002f6 <last_weight_raw+0x1>
     e46:	80 91 f7 02 	lds	r24, 0x02F7	; 0x8002f7 <last_weight_raw+0x2>
     e4a:	90 91 f8 02 	lds	r25, 0x02F8	; 0x8002f8 <last_weight_raw+0x3>
     e4e:	0e 94 50 01 	call	0x2a0	; 0x2a0 <uart_put_i32>
#if HX711_COUNTS_PER_GRAM != 0
        uart_puts(" | peso aproximado: ");
        uart_put_i32((last_weight_raw - HX711_OFFSET) / HX711_COUNTS_PER_GRAM);
        uart_puts(" g");
#endif
        uart_puts("\r\n");
     e52:	8e eb       	ldi	r24, 0xBE	; 190
     e54:	92 e0       	ldi	r25, 0x02	; 2
     e56:	0e 94 fc 00 	call	0x1f8	; 0x1f8 <uart_puts>
    }
}
     e5a:	1f 91       	pop	r17
     e5c:	0f 91       	pop	r16
     e5e:	ff 90       	pop	r15
     e60:	ef 90       	pop	r14
     e62:	bf 90       	pop	r11
     e64:	af 90       	pop	r10
     e66:	9f 90       	pop	r9
     e68:	8f 90       	pop	r8
     e6a:	08 95       	ret

00000e6c <__vector_14>:
static uint8_t stepper_out_direction = 0U;
static uint8_t servo_angle_deg = 0U;
static int32_t last_weight_raw = 0L;

ISR(TIMER0_COMPA_vect)
{
     e6c:	1f 92       	push	r1
     e6e:	0f 92       	push	r0
     e70:	0f b6       	in	r0, 0x3f	; 63
     e72:	0f 92       	push	r0
     e74:	11 24       	eor	r1, r1
     e76:	8f 93       	push	r24
     e78:	9f 93       	push	r25
     e7a:	af 93       	push	r26
     e7c:	bf 93       	push	r27
    g_millis++;
     e7e:	80 91 1b 03 	lds	r24, 0x031B	; 0x80031b <g_millis>
     e82:	90 91 1c 03 	lds	r25, 0x031C	; 0x80031c <g_millis+0x1>
     e86:	a0 91 1d 03 	lds	r26, 0x031D	; 0x80031d <g_millis+0x2>
     e8a:	b0 91 1e 03 	lds	r27, 0x031E	; 0x80031e <g_millis+0x3>
     e8e:	01 96       	adiw	r24, 0x01	; 1
     e90:	a1 1d       	adc	r26, r1
     e92:	b1 1d       	adc	r27, r1
     e94:	80 93 1b 03 	sts	0x031B, r24	; 0x80031b <g_millis>
     e98:	90 93 1c 03 	sts	0x031C, r25	; 0x80031c <g_millis+0x1>
     e9c:	a0 93 1d 03 	sts	0x031D, r26	; 0x80031d <g_millis+0x2>
     ea0:	b0 93 1e 03 	sts	0x031E, r27	; 0x80031e <g_millis+0x3>
}
     ea4:	bf 91       	pop	r27
     ea6:	af 91       	pop	r26
     ea8:	9f 91       	pop	r25
     eaa:	8f 91       	pop	r24
     eac:	0f 90       	pop	r0
     eae:	0f be       	out	0x3f, r0	; 63
     eb0:	0f 90       	pop	r0
     eb2:	1f 90       	pop	r1
     eb4:	18 95       	reti

00000eb6 <__vector_24>:

ISR(TWI_vect)
{
     eb6:	1f 92       	push	r1
     eb8:	0f 92       	push	r0
     eba:	0f b6       	in	r0, 0x3f	; 63
     ebc:	0f 92       	push	r0
     ebe:	11 24       	eor	r1, r1
     ec0:	8f 93       	push	r24
     ec2:	9f 93       	push	r25
     ec4:	af 93       	push	r26
     ec6:	bf 93       	push	r27
     ec8:	ef 93       	push	r30
     eca:	ff 93       	push	r31
    switch (TWSR & 0xF8U) {
     ecc:	80 91 b9 00 	lds	r24, 0x00B9	; 0x8000b9 <__TEXT_REGION_LENGTH__+0x7f80b9>
     ed0:	e8 2f       	mov	r30, r24
     ed2:	e8 7f       	andi	r30, 0xF8	; 248
     ed4:	8e 2f       	mov	r24, r30
     ed6:	90 e0       	ldi	r25, 0x00	; 0
     ed8:	fc 01       	movw	r30, r24
     eda:	e0 56       	subi	r30, 0x60	; 96
     edc:	f1 09       	sbc	r31, r1
     ede:	e9 35       	cpi	r30, 0x59	; 89
     ee0:	f1 05       	cpc	r31, r1
     ee2:	70 f5       	brcc	.+92     	; 0xf40 <__vector_24+0x8a>
     ee4:	ec 5c       	subi	r30, 0xCC	; 204
     ee6:	ff 4f       	sbci	r31, 0xFF	; 255
     ee8:	0c 94 65 08 	jmp	0x10ca	; 0x10ca <__tablejump2__>
    case 0x60U:
    case 0x68U:
    case 0x70U:
    case 0x78U:
        TWCR = (1 << TWEA) | (1 << TWEN) | (1 << TWIE) | (1 << TWINT);
     eec:	85 ec       	ldi	r24, 0xC5	; 197
     eee:	80 93 bc 00 	sts	0x00BC, r24	; 0x8000bc <__TEXT_REGION_LENGTH__+0x7f80bc>
        break;
     ef2:	29 c0       	rjmp	.+82     	; 0xf46 <__vector_24+0x90>

    case 0x80U:
    case 0x90U:
        g_i2c_reg_pointer = TWDR;
     ef4:	80 91 bb 00 	lds	r24, 0x00BB	; 0x8000bb <__TEXT_REGION_LENGTH__+0x7f80bb>
     ef8:	80 93 1a 03 	sts	0x031A, r24	; 0x80031a <g_i2c_reg_pointer>
        TWCR = (1 << TWEA) | (1 << TWEN) | (1 << TWIE) | (1 << TWINT);
     efc:	85 ec       	ldi	r24, 0xC5	; 197
     efe:	80 93 bc 00 	sts	0x00BC, r24	; 0x8000bc <__TEXT_REGION_LENGTH__+0x7f80bc>
        break;
     f02:	21 c0       	rjmp	.+66     	; 0xf46 <__vector_24+0x90>

    case 0xA8U:
    case 0xB0U:
    case 0xB8U:
        TWDR = g_i2c_regs[g_i2c_reg_pointer % sizeof(g_i2c_regs)];
     f04:	e0 91 1a 03 	lds	r30, 0x031A	; 0x80031a <g_i2c_reg_pointer>
     f08:	8d ec       	ldi	r24, 0xCD	; 205
     f0a:	e8 9f       	mul	r30, r24
     f0c:	81 2d       	mov	r24, r1
     f0e:	11 24       	eor	r1, r1
     f10:	86 95       	lsr	r24
     f12:	86 95       	lsr	r24
     f14:	86 95       	lsr	r24
     f16:	88 0f       	add	r24, r24
     f18:	98 2f       	mov	r25, r24
     f1a:	99 0f       	add	r25, r25
     f1c:	99 0f       	add	r25, r25
     f1e:	89 0f       	add	r24, r25
     f20:	e8 1b       	sub	r30, r24
     f22:	f0 e0       	ldi	r31, 0x00	; 0
     f24:	e0 5f       	subi	r30, 0xF0	; 240
     f26:	fc 4f       	sbci	r31, 0xFC	; 252
     f28:	80 81       	ld	r24, Z
     f2a:	80 93 bb 00 	sts	0x00BB, r24	; 0x8000bb <__TEXT_REGION_LENGTH__+0x7f80bb>
        g_i2c_reg_pointer++;
     f2e:	80 91 1a 03 	lds	r24, 0x031A	; 0x80031a <g_i2c_reg_pointer>
     f32:	8f 5f       	subi	r24, 0xFF	; 255
     f34:	80 93 1a 03 	sts	0x031A, r24	; 0x80031a <g_i2c_reg_pointer>
        TWCR = (1 << TWEA) | (1 << TWEN) | (1 << TWIE) | (1 << TWINT);
     f38:	85 ec       	ldi	r24, 0xC5	; 197
     f3a:	80 93 bc 00 	sts	0x00BC, r24	; 0x8000bc <__TEXT_REGION_LENGTH__+0x7f80bc>
        break;
     f3e:	03 c0       	rjmp	.+6      	; 0xf46 <__vector_24+0x90>

    default:
        TWCR = (1 << TWEA) | (1 << TWEN) | (1 << TWIE) | (1 << TWINT);
     f40:	85 ec       	ldi	r24, 0xC5	; 197
     f42:	80 93 bc 00 	sts	0x00BC, r24	; 0x8000bc <__TEXT_REGION_LENGTH__+0x7f80bc>
        break;
    }
}
     f46:	ff 91       	pop	r31
     f48:	ef 91       	pop	r30
     f4a:	bf 91       	pop	r27
     f4c:	af 91       	pop	r26
     f4e:	9f 91       	pop	r25
     f50:	8f 91       	pop	r24
     f52:	0f 90       	pop	r0
     f54:	0f be       	out	0x3f, r0	; 63
     f56:	0f 90       	pop	r0
     f58:	1f 90       	pop	r1
     f5a:	18 95       	reti

00000f5c <main>:
    g_i2c_regs[8] = (uint8_t)(raw >> 8);
    g_i2c_regs[9] = (uint8_t)(raw);
}

int main(void)
{
     f5c:	cf 93       	push	r28
     f5e:	df 93       	push	r29
     f60:	cd b7       	in	r28, 0x3d	; 61
     f62:	de b7       	in	r29, 0x3e	; 62
     f64:	2c 97       	sbiw	r28, 0x0c	; 12
     f66:	0f b6       	in	r0, 0x3f	; 63
     f68:	f8 94       	cli
     f6a:	de bf       	out	0x3e, r29	; 62
     f6c:	0f be       	out	0x3f, r0	; 63
     f6e:	cd bf       	out	0x3d, r28	; 61
    debounce_t button;
    debounce_t proximity;
    uint8_t dc_motor_on = 0U;
    uint32_t now;

    cli();
     f70:	f8 94       	cli
    gpio_init();
     f72:	0e 94 89 01 	call	0x312	; 0x312 <gpio_init>
    uart_init();
     f76:	0e 94 e9 00 	call	0x1d2	; 0x1d2 <uart_init>
    timer0_millis_init();
     f7a:	0e 94 e0 00 	call	0x1c0	; 0x1c0 <timer0_millis_init>
    servo_init();
     f7e:	0e 94 d7 01 	call	0x3ae	; 0x3ae <servo_init>
    twi_init();
     f82:	0e 94 73 02 	call	0x4e6	; 0x4e6 <twi_init>
    sei();
     f86:	78 94       	sei
	#else
		//round up by default
		__ticks_dc = (uint32_t)(ceil(fabs(__tmp)));
	#endif

	__builtin_avr_delay_cycles(__ticks_dc);
     f88:	2f ef       	ldi	r18, 0xFF	; 255
     f8a:	81 ee       	ldi	r24, 0xE1	; 225
     f8c:	94 e0       	ldi	r25, 0x04	; 4
     f8e:	21 50       	subi	r18, 0x01	; 1
     f90:	80 40       	sbci	r24, 0x00	; 0
     f92:	90 40       	sbci	r25, 0x00	; 0
     f94:	e1 f7       	brne	.-8      	; 0xf8e <main+0x32>
     f96:	00 c0       	rjmp	.+0      	; 0xf98 <main+0x3c>
     f98:	00 00       	nop

    _delay_ms(100);
    uart_puts("\r\nSistema esclavo iniciado.\r\n");
     f9a:	85 e5       	ldi	r24, 0x55	; 85
     f9c:	92 e0       	ldi	r25, 0x02	; 2
     f9e:	0e 94 fc 00 	call	0x1f8	; 0x1f8 <uart_puts>

    if (apds9960_init()) {
     fa2:	0e 94 65 06 	call	0xcca	; 0xcca <apds9960_init>
     fa6:	88 23       	and	r24, r24
     fa8:	29 f0       	breq	.+10     	; 0xfb4 <main+0x58>
        uart_puts("APDS-9960 iniciado correctamente.\r\n");
     faa:	83 e7       	ldi	r24, 0x73	; 115
     fac:	92 e0       	ldi	r25, 0x02	; 2
     fae:	0e 94 fc 00 	call	0x1f8	; 0x1f8 <uart_puts>
     fb2:	04 c0       	rjmp	.+8      	; 0xfbc <main+0x60>
    } else {
        uart_puts("ERROR: no se pudo iniciar el APDS-9960.\r\n");
     fb4:	87 e9       	ldi	r24, 0x97	; 151
     fb6:	92 e0       	ldi	r25, 0x02	; 2
     fb8:	0e 94 fc 00 	call	0x1f8	; 0x1f8 <uart_puts>
    }

    servo_set_degrees(0U);
     fbc:	80 e0       	ldi	r24, 0x00	; 0
     fbe:	0e 94 ed 01 	call	0x3da	; 0x3da <servo_set_degrees>
    now = millis_get();
     fc2:	0e 94 ac 00 	call	0x158	; 0x158 <millis_get>
     fc6:	6b 01       	movw	r12, r22
     fc8:	7c 01       	movw	r14, r24
    debounce_init(&button, button_pressed_raw(), now);
     fca:	0e 94 70 01 	call	0x2e0	; 0x2e0 <button_pressed_raw>
     fce:	a7 01       	movw	r20, r14
     fd0:	96 01       	movw	r18, r12
     fd2:	68 2f       	mov	r22, r24
     fd4:	ce 01       	movw	r24, r28
     fd6:	01 96       	adiw	r24, 0x01	; 1
     fd8:	0e 94 9f 01 	call	0x33e	; 0x33e <debounce_init>
    debounce_init(&proximity, proximity_active_raw(), now);
     fdc:	0e 94 78 01 	call	0x2f0	; 0x2f0 <proximity_active_raw>
     fe0:	a7 01       	movw	r20, r14
     fe2:	96 01       	movw	r18, r12
     fe4:	68 2f       	mov	r22, r24
     fe6:	ce 01       	movw	r24, r28
     fe8:	07 96       	adiw	r24, 0x07	; 7
     fea:	0e 94 9f 01 	call	0x33e	; 0x33e <debounce_init>

int main(void)
{
    debounce_t button;
    debounce_t proximity;
    uint8_t dc_motor_on = 0U;
     fee:	10 e0       	ldi	r17, 0x00	; 0
    now = millis_get();
    debounce_init(&button, button_pressed_raw(), now);
    debounce_init(&proximity, proximity_active_raw(), now);

    for (;;) {
        now = millis_get();
     ff0:	0e 94 ac 00 	call	0x158	; 0x158 <millis_get>
     ff4:	6b 01       	movw	r12, r22
     ff6:	7c 01       	movw	r14, r24

        if (debounce_update(&button, button_pressed_raw(), now) &&
     ff8:	0e 94 70 01 	call	0x2e0	; 0x2e0 <button_pressed_raw>
     ffc:	a7 01       	movw	r20, r14
     ffe:	96 01       	movw	r18, r12
    1000:	68 2f       	mov	r22, r24
    1002:	ce 01       	movw	r24, r28
    1004:	01 96       	adiw	r24, 0x01	; 1
    1006:	0e 94 a7 01 	call	0x34e	; 0x34e <debounce_update>
    100a:	88 23       	and	r24, r24
    100c:	b1 f0       	breq	.+44     	; 0x103a <main+0xde>
            button.stable_state) {
    100e:	89 81       	ldd	r24, Y+1	; 0x01
    debounce_init(&proximity, proximity_active_raw(), now);

    for (;;) {
        now = millis_get();

        if (debounce_update(&button, button_pressed_raw(), now) &&
    1010:	88 23       	and	r24, r24
    1012:	99 f0       	breq	.+38     	; 0x103a <main+0xde>
            button.stable_state) {
            dc_motor_on = (uint8_t)!dc_motor_on;
    1014:	01 e0       	ldi	r16, 0x01	; 1
    1016:	11 11       	cpse	r17, r1
    1018:	00 e0       	ldi	r16, 0x00	; 0
            dc_motor_set(dc_motor_on);
    101a:	80 2f       	mov	r24, r16
    101c:	0e 94 7f 01 	call	0x2fe	; 0x2fe <dc_motor_set>

            if (dc_motor_on) {
    1020:	11 11       	cpse	r17, r1
    1022:	06 c0       	rjmp	.+12     	; 0x1030 <main+0xd4>
                uart_puts("Motor DC encendido.\r\n");
    1024:	81 ec       	ldi	r24, 0xC1	; 193
    1026:	92 e0       	ldi	r25, 0x02	; 2
    1028:	0e 94 fc 00 	call	0x1f8	; 0x1f8 <uart_puts>
    for (;;) {
        now = millis_get();

        if (debounce_update(&button, button_pressed_raw(), now) &&
            button.stable_state) {
            dc_motor_on = (uint8_t)!dc_motor_on;
    102c:	10 2f       	mov	r17, r16
    102e:	05 c0       	rjmp	.+10     	; 0x103a <main+0xde>
            dc_motor_set(dc_motor_on);

            if (dc_motor_on) {
                uart_puts("Motor DC encendido.\r\n");
            } else {
                uart_puts("Motor DC apagado.\r\n");
    1030:	87 ed       	ldi	r24, 0xD7	; 215
    1032:	92 e0       	ldi	r25, 0x02	; 2
    1034:	0e 94 fc 00 	call	0x1f8	; 0x1f8 <uart_puts>
    for (;;) {
        now = millis_get();

        if (debounce_update(&button, button_pressed_raw(), now) &&
            button.stable_state) {
            dc_motor_on = (uint8_t)!dc_motor_on;
    1038:	10 2f       	mov	r17, r16
            } else {
                uart_puts("Motor DC apagado.\r\n");
            }
        }

        if (debounce_update(&proximity, proximity_active_raw(), now) &&
    103a:	0e 94 78 01 	call	0x2f0	; 0x2f0 <proximity_active_raw>
    103e:	a7 01       	movw	r20, r14
    1040:	96 01       	movw	r18, r12
    1042:	68 2f       	mov	r22, r24
    1044:	ce 01       	movw	r24, r28
    1046:	07 96       	adiw	r24, 0x07	; 7
    1048:	0e 94 a7 01 	call	0x34e	; 0x34e <debounce_update>
    104c:	88 23       	and	r24, r24
    104e:	39 f0       	breq	.+14     	; 0x105e <main+0x102>
            proximity.stable_state) {
    1050:	8f 81       	ldd	r24, Y+7	; 0x07
            } else {
                uart_puts("Motor DC apagado.\r\n");
            }
        }

        if (debounce_update(&proximity, proximity_active_raw(), now) &&
    1052:	88 23       	and	r24, r24
    1054:	21 f0       	breq	.+8      	; 0x105e <main+0x102>
            proximity.stable_state) {
            servo_schedule(now);
    1056:	c7 01       	movw	r24, r14
    1058:	b6 01       	movw	r22, r12
    105a:	0e 94 0a 02 	call	0x414	; 0x414 <servo_schedule>
        }

        servo_service(now);
    105e:	c7 01       	movw	r24, r14
    1060:	b6 01       	movw	r22, r12
    1062:	0e 94 24 02 	call	0x448	; 0x448 <servo_service>
        color_service(now);
    1066:	c7 01       	movw	r24, r14
    1068:	b6 01       	movw	r22, r12
    106a:	0e 94 8a 05 	call	0xb14	; 0xb14 <color_service>
        stepper_service(now);
    106e:	c7 01       	movw	r24, r14
    1070:	b6 01       	movw	r22, r12
    1072:	0e 94 2c 05 	call	0xa58	; 0xa58 <stepper_service>
        weight_service(now);
    1076:	c7 01       	movw	r24, r14
    1078:	b6 01       	movw	r22, r12
    107a:	0e 94 ea 06 	call	0xdd4	; 0xdd4 <weight_service>
        i2c_update_status(dc_motor_on);
    107e:	81 2f       	mov	r24, r17
    1080:	0e 94 2c 06 	call	0xc58	; 0xc58 <i2c_update_status>
    }
    1084:	b5 cf       	rjmp	.-150    	; 0xff0 <main+0x94>

00001086 <__udivmodsi4>:
    1086:	a1 e2       	ldi	r26, 0x21	; 33
    1088:	1a 2e       	mov	r1, r26
    108a:	aa 1b       	sub	r26, r26
    108c:	bb 1b       	sub	r27, r27
    108e:	fd 01       	movw	r30, r26
    1090:	0d c0       	rjmp	.+26     	; 0x10ac <__udivmodsi4_ep>

00001092 <__udivmodsi4_loop>:
    1092:	aa 1f       	adc	r26, r26
    1094:	bb 1f       	adc	r27, r27
    1096:	ee 1f       	adc	r30, r30
    1098:	ff 1f       	adc	r31, r31
    109a:	a2 17       	cp	r26, r18
    109c:	b3 07       	cpc	r27, r19
    109e:	e4 07       	cpc	r30, r20
    10a0:	f5 07       	cpc	r31, r21
    10a2:	20 f0       	brcs	.+8      	; 0x10ac <__udivmodsi4_ep>
    10a4:	a2 1b       	sub	r26, r18
    10a6:	b3 0b       	sbc	r27, r19
    10a8:	e4 0b       	sbc	r30, r20
    10aa:	f5 0b       	sbc	r31, r21

000010ac <__udivmodsi4_ep>:
    10ac:	66 1f       	adc	r22, r22
    10ae:	77 1f       	adc	r23, r23
    10b0:	88 1f       	adc	r24, r24
    10b2:	99 1f       	adc	r25, r25
    10b4:	1a 94       	dec	r1
    10b6:	69 f7       	brne	.-38     	; 0x1092 <__udivmodsi4_loop>
    10b8:	60 95       	com	r22
    10ba:	70 95       	com	r23
    10bc:	80 95       	com	r24
    10be:	90 95       	com	r25
    10c0:	9b 01       	movw	r18, r22
    10c2:	ac 01       	movw	r20, r24
    10c4:	bd 01       	movw	r22, r26
    10c6:	cf 01       	movw	r24, r30
    10c8:	08 95       	ret

000010ca <__tablejump2__>:
    10ca:	ee 0f       	add	r30, r30
    10cc:	ff 1f       	adc	r31, r31
    10ce:	05 90       	lpm	r0, Z+
    10d0:	f4 91       	lpm	r31, Z
    10d2:	e0 2d       	mov	r30, r0
    10d4:	09 94       	ijmp

000010d6 <__umulhisi3>:
    10d6:	a2 9f       	mul	r26, r18
    10d8:	b0 01       	movw	r22, r0
    10da:	b3 9f       	mul	r27, r19
    10dc:	c0 01       	movw	r24, r0
    10de:	a3 9f       	mul	r26, r19
    10e0:	70 0d       	add	r23, r0
    10e2:	81 1d       	adc	r24, r1
    10e4:	11 24       	eor	r1, r1
    10e6:	91 1d       	adc	r25, r1
    10e8:	b2 9f       	mul	r27, r18
    10ea:	70 0d       	add	r23, r0
    10ec:	81 1d       	adc	r24, r1
    10ee:	11 24       	eor	r1, r1
    10f0:	91 1d       	adc	r25, r1
    10f2:	08 95       	ret

000010f4 <__muluhisi3>:
    10f4:	0e 94 6b 08 	call	0x10d6	; 0x10d6 <__umulhisi3>
    10f8:	a5 9f       	mul	r26, r21
    10fa:	90 0d       	add	r25, r0
    10fc:	b4 9f       	mul	r27, r20
    10fe:	90 0d       	add	r25, r0
    1100:	a4 9f       	mul	r26, r20
    1102:	80 0d       	add	r24, r0
    1104:	91 1d       	adc	r25, r1
    1106:	11 24       	eor	r1, r1
    1108:	08 95       	ret

0000110a <_exit>:
    110a:	f8 94       	cli

0000110c <__stop_program>:
    110c:	ff cf       	rjmp	.-2      	; 0x110c <__stop_program>
